<?xml version="1.0" standalone="yes"?>
<DTADataSet>
  <DCS_ID>
    <ExportID>100</ExportID>
    <Description>Cannon shells</Description>
    <ExportIDWithDescription>100 - Cannon shells</ExportIDWithDescription>
    <Type>Display</Type>
  </DCS_ID>
  <DCS_ID>
    <ExportID>101</ExportID>
    <Description>Station 1 used</Description>
    <ExportIDWithDescription>101 - Station 1 used</ExportIDWithDescription>
    <Type>Lamp</Type>
  </DCS_ID>
  <DCS_ID>
    <ExportID>102</ExportID>
    <Description>Station 2 used</Description>
    <ExportIDWithDescription>102 - Station 2 used</ExportIDWithDescription>
    <Type>Lamp</Type>
  </DCS_ID>
  <DCS_ID>
    <ExportID>103</ExportID>
    <Description>Station 3 used</Description>
    <ExportIDWithDescription>103 - Station 3 used</ExportIDWithDescription>
    <Type>Lamp</Type>
  </DCS_ID>
  <DCS_ID>
    <ExportID>104</ExportID>
    <Description>Station 4 used</Description>
    <ExportIDWithDescription>104 - Station 4 used</ExportIDWithDescription>
    <Type>Lamp</Type>
  </DCS_ID>
  <DCS_ID>
    <ExportID>105</ExportID>
    <Description>Station 5 used</Description>
    <ExportIDWithDescription>105 - Station 5 used</ExportIDWithDescription>
    <Type>Lamp</Type>
  </DCS_ID>
  <DCS_ID>
    <ExportID>106</ExportID>
    <Description>Station 6 used</Description>
    <ExportIDWithDescription>106 - Station 6 used</ExportIDWithDescription>
    <Type>Lamp</Type>
  </DCS_ID>
  <DCS_ID>
    <ExportID>107</ExportID>
    <Description>Station 7 used</Description>
    <ExportIDWithDescription>107 - Station 7 used</ExportIDWithDescription>
    <Type>Lamp</Type>
  </DCS_ID>
  <DCS_ID>
    <ExportID>108</ExportID>
    <Description>Station 8 used</Description>
    <ExportIDWithDescription>108 - Station 8 used</ExportIDWithDescription>
    <Type>Lamp</Type>
  </DCS_ID>
  <DCS_ID>
    <ExportID>109</ExportID>
    <Description>Station 9 used</Description>
    <ExportIDWithDescription>109 - Station 9 used</ExportIDWithDescription>
    <Type>Lamp</Type>
  </DCS_ID>
  <DCS_ID>
    <ExportID>110</ExportID>
    <Description>Station 10 used</Description>
    <ExportIDWithDescription>110 - Station 10 used</ExportIDWithDescription>
    <Type>Lamp</Type>
  </DCS_ID>
  <DCS_ID>
    <ExportID>111</ExportID>
    <Description>Station 11 used</Description>
    <ExportIDWithDescription>111 - Station 11 used</ExportIDWithDescription>
    <Type>Lamp</Type>
  </DCS_ID>
  <DCS_ID>
    <ExportID>121</ExportID>
    <Description>Station 1 empty</Description>
    <ExportIDWithDescription>121 - Station 1 empty</ExportIDWithDescription>
    <Type>Lamp</Type>
  </DCS_ID>
  <DCS_ID>
    <ExportID>122</ExportID>
    <Description>Station 2 empty</Description>
    <ExportIDWithDescription>122 - Station 2 empty</ExportIDWithDescription>
    <Type>Lamp</Type>
  </DCS_ID>
  <DCS_ID>
    <ExportID>123</ExportID>
    <Description>Station 3 empty</Description>
    <ExportIDWithDescription>123 - Station 3 empty</ExportIDWithDescription>
    <Type>Lamp</Type>
  </DCS_ID>
  <DCS_ID>
    <ExportID>124</ExportID>
    <Description>Station 4 empty</Description>
    <ExportIDWithDescription>124 - Station 4 empty</ExportIDWithDescription>
    <Type>Lamp</Type>
  </DCS_ID>
  <DCS_ID>
    <ExportID>125</ExportID>
    <Description>Station 5 empty</Description>
    <ExportIDWithDescription>125 - Station 5 empty</ExportIDWithDescription>
    <Type>Lamp</Type>
  </DCS_ID>
  <DCS_ID>
    <ExportID>126</ExportID>
    <Description>Station 6 empty</Description>
    <ExportIDWithDescription>126 - Station 6 empty</ExportIDWithDescription>
    <Type>Lamp</Type>
  </DCS_ID>
  <DCS_ID>
    <ExportID>127</ExportID>
    <Description>Station 7 empty</Description>
    <ExportIDWithDescription>127 - Station 7 empty</ExportIDWithDescription>
    <Type>Lamp</Type>
  </DCS_ID>
  <DCS_ID>
    <ExportID>128</ExportID>
    <Description>Station 8 empty</Description>
    <ExportIDWithDescription>128 - Station 8 empty</ExportIDWithDescription>
    <Type>Lamp</Type>
  </DCS_ID>
  <DCS_ID>
    <ExportID>129</ExportID>
    <Description>Station 9 empty</Description>
    <ExportIDWithDescription>129 - Station 9 empty</ExportIDWithDescription>
    <Type>Lamp</Type>
  </DCS_ID>
  <DCS_ID>
    <ExportID>130</ExportID>
    <Description>Station 10 empty</Description>
    <ExportIDWithDescription>130 - Station 10 empty</ExportIDWithDescription>
    <Type>Lamp</Type>
  </DCS_ID>
  <DCS_ID>
    <ExportID>131</ExportID>
    <Description>Station 11 empty</Description>
    <ExportIDWithDescription>131 - Station 11 empty</ExportIDWithDescription>
    <Type>Lamp</Type>
  </DCS_ID>
  <DCS_ID>
    <ExportID>201</ExportID>
    <Description>Station 1 active</Description>
    <ExportIDWithDescription>201 - Station 1 active</ExportIDWithDescription>
    <Type>Lamp</Type>
  </DCS_ID>
  <DCS_ID>
    <ExportID>202</ExportID>
    <Description>Station 2 active</Description>
    <ExportIDWithDescription>202 - Station 2 active</ExportIDWithDescription>
    <Type>Lamp</Type>
  </DCS_ID>
  <DCS_ID>
    <ExportID>203</ExportID>
    <Description>Station 3 active</Description>
    <ExportIDWithDescription>203 - Station 3 active</ExportIDWithDescription>
    <Type>Lamp</Type>
  </DCS_ID>
  <DCS_ID>
    <ExportID>204</ExportID>
    <Description>Station 4 active</Description>
    <ExportIDWithDescription>204 - Station 4 active</ExportIDWithDescription>
    <Type>Lamp</Type>
  </DCS_ID>
  <DCS_ID>
    <ExportID>205</ExportID>
    <Description>Station 5 active</Description>
    <ExportIDWithDescription>205 - Station 5 active</ExportIDWithDescription>
    <Type>Lamp</Type>
  </DCS_ID>
  <DCS_ID>
    <ExportID>206</ExportID>
    <Description>Station 6 active</Description>
    <ExportIDWithDescription>206 - Station 6 active</ExportIDWithDescription>
    <Type>Lamp</Type>
  </DCS_ID>
  <DCS_ID>
    <ExportID>207</ExportID>
    <Description>Station 7 active</Description>
    <ExportIDWithDescription>207 - Station 7 active</ExportIDWithDescription>
    <Type>Lamp</Type>
  </DCS_ID>
  <DCS_ID>
    <ExportID>208</ExportID>
    <Description>Station 8 active</Description>
    <ExportIDWithDescription>208 - Station 8 active</ExportIDWithDescription>
    <Type>Lamp</Type>
  </DCS_ID>
  <DCS_ID>
    <ExportID>209</ExportID>
    <Description>Station 9 active</Description>
    <ExportIDWithDescription>209 - Station 9 active</ExportIDWithDescription>
    <Type>Lamp</Type>
  </DCS_ID>
  <DCS_ID>
    <ExportID>210</ExportID>
    <Description>Station 10 active</Description>
    <ExportIDWithDescription>210 - Station 10 active</ExportIDWithDescription>
    <Type>Lamp</Type>
  </DCS_ID>
  <DCS_ID>
    <ExportID>211</ExportID>
    <Description>Station 11 active</Description>
    <ExportIDWithDescription>211 - Station 11 active</ExportIDWithDescription>
    <Type>Lamp</Type>
  </DCS_ID>
  <DCS_ID>
    <ExportID>221</ExportID>
    <Description>Station 1 active (2nd lamp)</Description>
    <ExportIDWithDescription>221 - Station 1 active (2nd lamp)</ExportIDWithDescription>
    <Type>Lamp</Type>
  </DCS_ID>
  <DCS_ID>
    <ExportID>222</ExportID>
    <Description>Station 2 active (2nd lamp)</Description>
    <ExportIDWithDescription>222 - Station 2 active (2nd lamp)</ExportIDWithDescription>
    <Type>Lamp</Type>
  </DCS_ID>
  <DCS_ID>
    <ExportID>223</ExportID>
    <Description>Station 3 active (2nd lamp)</Description>
    <ExportIDWithDescription>223 - Station 3 active (2nd lamp)</ExportIDWithDescription>
    <Type>Lamp</Type>
  </DCS_ID>
  <DCS_ID>
    <ExportID>224</ExportID>
    <Description>Station 4 active (2nd lamp)</Description>
    <ExportIDWithDescription>224 - Station 4 active (2nd lamp)</ExportIDWithDescription>
    <Type>Lamp</Type>
  </DCS_ID>
  <DCS_ID>
    <ExportID>225</ExportID>
    <Description>Station 5 active (2nd lamp)</Description>
    <ExportIDWithDescription>225 - Station 5 active (2nd lamp)</ExportIDWithDescription>
    <Type>Lamp</Type>
  </DCS_ID>
  <DCS_ID>
    <ExportID>226</ExportID>
    <Description>Station 6 active (2nd lamp)</Description>
    <ExportIDWithDescription>226 - Station 6 active (2nd lamp)</ExportIDWithDescription>
    <Type>Lamp</Type>
  </DCS_ID>
  <DCS_ID>
    <ExportID>227</ExportID>
    <Description>Station 7 active (2nd lamp)</Description>
    <ExportIDWithDescription>227 - Station 7 active (2nd lamp)</ExportIDWithDescription>
    <Type>Lamp</Type>
  </DCS_ID>
  <DCS_ID>
    <ExportID>228</ExportID>
    <Description>Station 8 active (2nd lamp)</Description>
    <ExportIDWithDescription>228 - Station 8 active (2nd lamp)</ExportIDWithDescription>
    <Type>Lamp</Type>
  </DCS_ID>
  <DCS_ID>
    <ExportID>229</ExportID>
    <Description>Station 9 active (2nd lamp)</Description>
    <ExportIDWithDescription>229 - Station 9 active (2nd lamp)</ExportIDWithDescription>
    <Type>Lamp</Type>
  </DCS_ID>
  <DCS_ID>
    <ExportID>230</ExportID>
    <Description>Station 10 active (2nd lamp)</Description>
    <ExportIDWithDescription>230 - Station 10 active (2nd lamp)</ExportIDWithDescription>
    <Type>Lamp</Type>
  </DCS_ID>
  <DCS_ID>
    <ExportID>231</ExportID>
    <Description>Station 11 active (2nd lamp)</Description>
    <ExportIDWithDescription>231 - Station 11 active (2nd lamp)</ExportIDWithDescription>
    <Type>Lamp</Type>
  </DCS_ID>
  <DCS_ID>
    <ExportID>300</ExportID>
    <Description>Total fuel</Description>
    <ExportIDWithDescription>300 - Total fuel</ExportIDWithDescription>
    <Type>Display</Type>
  </DCS_ID>
  <DCS_ID>
    <ExportID>440</ExportID>
    <Description>RWRStatusPanel Missile launch</Description>
    <ExportIDWithDescription>440 - RWRStatusPanel Missile launch</ExportIDWithDescription>
    <Type>Lamp</Type>
  </DCS_ID>
  <DCS_ID>
    <ExportID>444</ExportID>
    <Description>RWRStatusPanel Scan</Description>
    <ExportIDWithDescription>444 - RWRStatusPanel Scan</ExportIDWithDescription>
    <Type>Lamp</Type>
  </DCS_ID>
  <DCS_ID>
    <ExportID>501</ExportID>
    <Description>Nose Gear</Description>
    <ExportIDWithDescription>501 - Nose Gear</ExportIDWithDescription>
    <Type>Lamp</Type>
  </DCS_ID>
  <DCS_ID>
    <ExportID>502</ExportID>
    <Description>Left Gear</Description>
    <ExportIDWithDescription>502 - Left Gear</ExportIDWithDescription>
    <Type>Lamp</Type>
  </DCS_ID>
  <DCS_ID>
    <ExportID>503</ExportID>
    <Description>Right Gear</Description>
    <ExportIDWithDescription>503 - Right Gear</ExportIDWithDescription>
    <Type>Lamp</Type>
  </DCS_ID>
  <DCS_ID>
    <ExportID>510</ExportID>
    <Description>Speedbrakes</Description>
    <ExportIDWithDescription>510 - Speedbrakes</ExportIDWithDescription>
    <Type>Lamp</Type>
  </DCS_ID>
  <DCS_ID>
    <ExportID>531</ExportID>
    <Description>Flaps 1</Description>
    <ExportIDWithDescription>531 - Flaps 1</ExportIDWithDescription>
    <Type>Lamp</Type>
  </DCS_ID>
  <DCS_ID>
    <ExportID>532</ExportID>
    <Description>Flaps 2</Description>
    <ExportIDWithDescription>532 - Flaps 2</ExportIDWithDescription>
    <Type>Lamp</Type>
  </DCS_ID>
  <DCS_ID>
    <ExportID>533</ExportID>
    <Description>Gear warning light, blinking</Description>
    <ExportIDWithDescription>533 - Gear warning light, blinking</ExportIDWithDescription>
    <Type>Lamp</Type>
  </DCS_ID>
  <DCS_ID>
    <ExportID>600</ExportID>
    <Description>ECM on</Description>
    <ExportIDWithDescription>600 - ECM on</ExportIDWithDescription>
    <Type>Lamp</Type>
  </DCS_ID>
  <DCS_ID>
    <ExportID>601</ExportID>
    <Description>Laser on</Description>
    <ExportIDWithDescription>601 - Laser on</ExportIDWithDescription>
    <Type>Lamp</Type>
  </DCS_ID>
  <DCS_ID>
    <ExportID>602</ExportID>
    <Description>Optical system on</Description>
    <ExportIDWithDescription>602 - Optical system on</ExportIDWithDescription>
    <Type>Lamp</Type>
  </DCS_ID>
  <DCS_ID>
    <ExportID>603</ExportID>
    <Description>Launch Authorized</Description>
    <ExportIDWithDescription>603 - Launch Authorized</ExportIDWithDescription>
    <Type>Lamp</Type>
  </DCS_ID>
  <DCS_ID>
    <ExportID>700</ExportID>
    <Description>LeftTailPlaneFailure</Description>
    <ExportIDWithDescription>700 - LeftTailPlaneFailure</ExportIDWithDescription>
    <Type>Lamp</Type>
  </DCS_ID>
  <DCS_ID>
    <ExportID>701</ExportID>
    <Description>RightTailPlaneFailure</Description>
    <ExportIDWithDescription>701 - RightTailPlaneFailure</ExportIDWithDescription>
    <Type>Lamp</Type>
  </DCS_ID>
  <DCS_ID>
    <ExportID>702</ExportID>
    <Description>MasterWarning</Description>
    <ExportIDWithDescription>702 - MasterWarning</ExportIDWithDescription>
    <Type>Lamp</Type>
  </DCS_ID>
  <DCS_ID>
    <ExportID>703</ExportID>
    <Description>LeftEngineFailure</Description>
    <ExportIDWithDescription>703 - LeftEngineFailure</ExportIDWithDescription>
    <Type>Lamp</Type>
  </DCS_ID>
  <DCS_ID>
    <ExportID>704</ExportID>
    <Description>RightEngineFailure</Description>
    <ExportIDWithDescription>704 - RightEngineFailure</ExportIDWithDescription>
    <Type>Lamp</Type>
  </DCS_ID>
  <DCS_ID>
    <ExportID>705</ExportID>
    <Description>LeftAileronFailure</Description>
    <ExportIDWithDescription>705 - LeftAileronFailure</ExportIDWithDescription>
    <Type>Lamp</Type>
  </DCS_ID>
  <DCS_ID>
    <ExportID>706</ExportID>
    <Description>RightAileronFailure</Description>
    <ExportIDWithDescription>706 - RightAileronFailure</ExportIDWithDescription>
    <Type>Lamp</Type>
  </DCS_ID>
  <DCS_ID>
    <ExportID>707</ExportID>
    <Description>LeftMainPumpFailure</Description>
    <ExportIDWithDescription>707 - LeftMainPumpFailure</ExportIDWithDescription>
    <Type>Lamp</Type>
  </DCS_ID>
  <DCS_ID>
    <ExportID>708</ExportID>
    <Description>RightMainPumpFailure</Description>
    <ExportIDWithDescription>708 - RightMainPumpFailure</ExportIDWithDescription>
    <Type>Lamp</Type>
  </DCS_ID>
  <DCS_ID>
    <ExportID>709</ExportID>
    <Description>LeftWingPumpFailure</Description>
    <ExportIDWithDescription>709 - LeftWingPumpFailure</ExportIDWithDescription>
    <Type>Lamp</Type>
  </DCS_ID>
  <DCS_ID>
    <ExportID>710</ExportID>
    <Description>RightWingPumpFailure</Description>
    <ExportIDWithDescription>710 - RightWingPumpFailure</ExportIDWithDescription>
    <Type>Lamp</Type>
  </DCS_ID>
  <DCS_ID>
    <ExportID>711</ExportID>
    <Description>EOSFailure</Description>
    <ExportIDWithDescription>711 - EOSFailure</ExportIDWithDescription>
    <Type>Lamp</Type>
  </DCS_ID>
  <DCS_ID>
    <ExportID>712</ExportID>
    <Description>ECMFailure</Description>
    <ExportIDWithDescription>712 - ECMFailure</ExportIDWithDescription>
    <Type>Lamp</Type>
  </DCS_ID>
  <DCS_ID>
    <ExportID>713</ExportID>
    <Description>CannonFailure</Description>
    <ExportIDWithDescription>713 - CannonFailure</ExportIDWithDescription>
    <Type>Lamp</Type>
  </DCS_ID>
  <DCS_ID>
    <ExportID>714</ExportID>
    <Description>MLWSFailure</Description>
    <ExportIDWithDescription>714 - MLWSFailure</ExportIDWithDescription>
    <Type>Lamp</Type>
  </DCS_ID>
  <DCS_ID>
    <ExportID>715</ExportID>
    <Description>ACSFailure</Description>
    <ExportIDWithDescription>715 - ACSFailure</ExportIDWithDescription>
    <Type>Lamp</Type>
  </DCS_ID>
  <DCS_ID>
    <ExportID>716</ExportID>
    <Description>RadarFailure</Description>
    <ExportIDWithDescription>716 - RadarFailure</ExportIDWithDescription>
    <Type>Lamp</Type>
  </DCS_ID>
  <DCS_ID>
    <ExportID>717</ExportID>
    <Description>HelmetFailure</Description>
    <ExportIDWithDescription>717 - HelmetFailure</ExportIDWithDescription>
    <Type>Lamp</Type>
  </DCS_ID>
  <DCS_ID>
    <ExportID>718</ExportID>
    <Description>HUDFailure</Description>
    <ExportIDWithDescription>718 - HUDFailure</ExportIDWithDescription>
    <Type>Lamp</Type>
  </DCS_ID>
  <DCS_ID>
    <ExportID>719</ExportID>
    <Description>MFDFailure</Description>
    <ExportIDWithDescription>719 - MFDFailure</ExportIDWithDescription>
    <Type>Lamp</Type>
  </DCS_ID>
  <DCS_ID>
    <ExportID>720</ExportID>
    <Description>RWSFailure</Description>
    <ExportIDWithDescription>720 - RWSFailure</ExportIDWithDescription>
    <Type>Lamp</Type>
  </DCS_ID>
  <DCS_ID>
    <ExportID>721</ExportID>
    <Description>GearFailure</Description>
    <ExportIDWithDescription>721 - GearFailure</ExportIDWithDescription>
    <Type>Lamp</Type>
  </DCS_ID>
  <DCS_ID>
    <ExportID>722</ExportID>
    <Description>HydraulicsFailure</Description>
    <ExportIDWithDescription>722 - HydraulicsFailure</ExportIDWithDescription>
    <Type>Lamp</Type>
  </DCS_ID>
  <DCS_ID>
    <ExportID>723</ExportID>
    <Description>AutopilotFailure</Description>
    <ExportIDWithDescription>723 - AutopilotFailure</ExportIDWithDescription>
    <Type>Lamp</Type>
  </DCS_ID>
  <DCS_ID>
    <ExportID>724</ExportID>
    <Description>FuelTankDamage</Description>
    <ExportIDWithDescription>724 - FuelTankDamage</ExportIDWithDescription>
    <Type>Lamp</Type>
  </DCS_ID>
  <DCS_ID>
    <ExportID>725</ExportID>
    <Description>CanopyOpen</Description>
    <ExportIDWithDescription>725 - CanopyOpen</ExportIDWithDescription>
    <Type>Lamp</Type>
  </DCS_ID>
  <DCS_ID>
    <ExportID>726</ExportID>
    <Description>StallSignalization</Description>
    <ExportIDWithDescription>726 - StallSignalization</ExportIDWithDescription>
    <Type>Lamp</Type>
  </DCS_ID>
  <DCS_ID>
    <ExportID>727</ExportID>
    <Description>AutopilotOn</Description>
    <ExportIDWithDescription>727 - AutopilotOn</ExportIDWithDescription>
    <Type>Lamp</Type>
  </DCS_ID>
  <DCS_ID>
    <ExportID>728</ExportID>
    <Description>EngineStart left</Description>
    <ExportIDWithDescription>728 - EngineStart left</ExportIDWithDescription>
    <Type>Lamp</Type>
  </DCS_ID>
  <DCS_ID>
    <ExportID>729</ExportID>
    <Description>EngineStart right</Description>
    <ExportIDWithDescription>729 - EngineStart right</ExportIDWithDescription>
    <Type>Lamp</Type>
  </DCS_ID>
  <DCS_ID>
    <ExportID>800</ExportID>
    <Description>Chaff</Description>
    <ExportIDWithDescription>800 - Chaff</ExportIDWithDescription>
    <Type>Display</Type>
  </DCS_ID>
  <DCS_ID>
    <ExportID>801</ExportID>
    <Description>Flare</Description>
    <ExportIDWithDescription>801 - Flare</ExportIDWithDescription>
    <Type>Display</Type>
  </DCS_ID>
  <DCS_ID>
    <ExportID>900</ExportID>
    <Description>AOA Index low-speed</Description>
    <ExportIDWithDescription>900 - AOA Index low-speed</ExportIDWithDescription>
    <Type>Lamp</Type>
  </DCS_ID>
  <DCS_ID>
    <ExportID>901</ExportID>
    <Description>AOA Index on-speed</Description>
    <ExportIDWithDescription>901 - AOA Index on-speed</ExportIDWithDescription>
    <Type>Lamp</Type>
  </DCS_ID>
  <DCS_ID>
    <ExportID>902</ExportID>
    <Description>AOA Index high-speed</Description>
    <ExportIDWithDescription>902 - AOA Index high-speed</ExportIDWithDescription>
    <Type>Lamp</Type>
  </DCS_ID>
</DTADataSet>