<?xml version="1.0" standalone="yes"?>
<DTADataSet>
  <DCS_ID>
    <ExportID>705</ExportID>
    <Description>OxygenFlowBlinker</Description>
    <ExportIDWithDescription>705 - OxygenFlowBlinker</ExportIDWithDescription>
    <Type>Lamp</Type>
  </DCS_ID>
  <DCS_ID>
    <ExportID>182</ExportID>
    <Description>IlluminationLights</Description>
    <ExportIDWithDescription>182 - IlluminationLights</ExportIDWithDescription>
    <Type>Lamp</Type>
  </DCS_ID>
  <DCS_ID>
    <ExportID>825</ExportID>
    <Description>StandByCompassLight</Description>
    <ExportIDWithDescription>825 - StandByCompassLight</ExportIDWithDescription>
    <Type>Lamp</Type>
  </DCS_ID>
  <DCS_ID>
    <ExportID>180</ExportID>
    <Description>PrimaryInstLights</Description>
    <ExportIDWithDescription>180 - PrimaryInstLights</ExportIDWithDescription>
    <Type>Lamp</Type>
  </DCS_ID>
  <DCS_ID>
    <ExportID>185</ExportID>
    <Description>AuxiliaryInstrumentLights</Description>
    <ExportIDWithDescription>185 - AuxiliaryInstrumentLights</ExportIDWithDescription>
    <Type>Lamp</Type>
  </DCS_ID>
  <DCS_ID>
    <ExportID>617</ExportID>
    <Description>ELEC_GenOff</Description>
    <ExportIDWithDescription>617 - ELEC_GenOff</ExportIDWithDescription>
    <Type>Lamp</Type>
  </DCS_ID>
  <DCS_ID>
    <ExportID>610</ExportID>
    <Description>ELEC_MainInstInverterOffSelectAlt</Description>
    <ExportIDWithDescription>610 - ELEC_MainInstInverterOffSelectAlt</ExportIDWithDescription>
    <Type>Lamp</Type>
  </DCS_ID>
  <DCS_ID>
    <ExportID>611</ExportID>
    <Description>ELEC_BothInstInvertersOff</Description>
    <ExportIDWithDescription>611 - ELEC_BothInstInvertersOff</ExportIDWithDescription>
    <Type>Lamp</Type>
  </DCS_ID>
  <DCS_ID>
    <ExportID>612</ExportID>
    <Description>ELEC_MainRadarInverterOff</Description>
    <ExportIDWithDescription>612 - ELEC_MainRadarInverterOff</ExportIDWithDescription>
    <Type>Lamp</Type>
  </DCS_ID>
  <DCS_ID>
    <ExportID>614</ExportID>
    <Description>HYDRO_AltFltContSysOper</Description>
    <ExportIDWithDescription>614 - HYDRO_AltFltContSysOper</ExportIDWithDescription>
    <Type>Lamp</Type>
  </DCS_ID>
  <DCS_ID>
    <ExportID>39</ExportID>
    <Description>HYDRO_LeftGear</Description>
    <ExportIDWithDescription>39 - HYDRO_LeftGear</ExportIDWithDescription>
    <Type>Lamp</Type>
  </DCS_ID>
  <DCS_ID>
    <ExportID>41</ExportID>
    <Description>HYDRO_RightGear</Description>
    <ExportIDWithDescription>41 - HYDRO_RightGear</ExportIDWithDescription>
    <Type>Lamp</Type>
  </DCS_ID>
  <DCS_ID>
    <ExportID>40</ExportID>
    <Description>HYDRO_NoseGear</Description>
    <ExportIDWithDescription>40 - HYDRO_NoseGear</ExportIDWithDescription>
    <Type>Lamp</Type>
  </DCS_ID>
  <DCS_ID>
    <ExportID>625</ExportID>
    <Description>FUEL_OutbdTanksEmpty</Description>
    <ExportIDWithDescription>625 - FUEL_OutbdTanksEmpty</ExportIDWithDescription>
    <Type>Lamp</Type>
  </DCS_ID>
  <DCS_ID>
    <ExportID>615</ExportID>
    <Description>FIRE_DETECTION_FwdFireWarning</Description>
    <ExportIDWithDescription>615 - FIRE_DETECTION_FwdFireWarning</ExportIDWithDescription>
    <Type>Lamp</Type>
  </DCS_ID>
  <DCS_ID>
    <ExportID>616</ExportID>
    <Description>FIRE_DETECTION_AftFireWarning</Description>
    <ExportIDWithDescription>616 - FIRE_DETECTION_AftFireWarning</ExportIDWithDescription>
    <Type>Lamp</Type>
  </DCS_ID>
  <DCS_ID>
    <ExportID>613</ExportID>
    <Description>CONTROL_TakeOffPosInd</Description>
    <ExportIDWithDescription>613 - CONTROL_TakeOffPosInd</ExportIDWithDescription>
    <Type>Lamp</Type>
  </DCS_ID>
  <Clickabledata>
    <ID>1</ID>
    <DeviceID>25</DeviceID>
    <ButtonID>1</ButtonID>
    <Discription>Canopy Switch</Discription>
    <Type>Switch</Type>
  </Clickabledata>
  <Clickabledata>
    <ID>2</ID>
    <DeviceID>25</DeviceID>
    <ButtonID>8</ButtonID>
    <Discription>Emergency Jettison Handle</Discription>
    <Type>Switch</Type>
  </Clickabledata>
  <Clickabledata>
    <ID>3</ID>
    <DeviceID>25</DeviceID>
    <ButtonID>9</ButtonID>
    <Discription>Canopy Alternate Emergency Jettison Handle</Discription>
    <Type>Switch</Type>
  </Clickabledata>
  <Clickabledata>
    <ID>4</ID>
    <DeviceID>25</DeviceID>
    <ButtonID>10</ButtonID>
    <Discription>Canopy Declutch Handle</Discription>
    <Type>Switch</Type>
  </Clickabledata>
  <Clickabledata>
    <ID>5</ID>
    <DeviceID>1</DeviceID>
    <ButtonID>1</ButtonID>
    <Discription>Battery-Starter Switch</Discription>
    <Type>Switch</Type>
  </Clickabledata>
  <Clickabledata>
    <ID>6</ID>
    <DeviceID>1</DeviceID>
    <ButtonID>2</ButtonID>
    <Discription>Instrument Power Switch</Discription>
    <Type>Switch</Type>
  </Clickabledata>
  <Clickabledata>
    <ID>7</ID>
    <DeviceID>1</DeviceID>
    <ButtonID>3</ButtonID>
    <Discription>Stop-Starter Button</Discription>
    <Type>Switch</Type>
  </Clickabledata>
  <Clickabledata>
    <ID>8</ID>
    <DeviceID>1</DeviceID>
    <ButtonID>4</ButtonID>
    <Discription>Engine Master Switch</Discription>
    <Type>Switch</Type>
  </Clickabledata>
  <Clickabledata>
    <ID>9</ID>
    <DeviceID>1</DeviceID>
    <ButtonID>5</ButtonID>
    <Discription>Generator Switch</Discription>
    <Type>Switch</Type>
  </Clickabledata>
  <Clickabledata>
    <ID>10</ID>
    <DeviceID>1</DeviceID>
    <ButtonID>6</ButtonID>
    <Discription>Generator Switch Cover</Discription>
    <Type>Switch</Type>
  </Clickabledata>
  <Clickabledata>
    <ID>11</ID>
    <DeviceID>1</DeviceID>
    <ButtonID>7</ButtonID>
    <Discription>Generator Warning Light</Discription>
    <Type>Switch</Type>
  </Clickabledata>
  <Clickabledata>
    <ID>12</ID>
    <DeviceID>1</DeviceID>
    <ButtonID>8</ButtonID>
    <Discription>Main Instrument (Three-phase) Inverter Failure Warning Light</Discription>
    <Type>Switch</Type>
  </Clickabledata>
  <Clickabledata>
    <ID>13</ID>
    <DeviceID>1</DeviceID>
    <ButtonID>9</ButtonID>
    <Discription>Both Instrument (Main and alternate three-phase) Inverter Failure Warning Light</Discription>
    <Type>Switch</Type>
  </Clickabledata>
  <Clickabledata>
    <ID>14</ID>
    <DeviceID>1</DeviceID>
    <ButtonID>10</ButtonID>
    <Discription>Main Radar (Single-phase) Inverter Failure Warning Light</Discription>
    <Type>Switch</Type>
  </Clickabledata>
  <Clickabledata>
    <ID>15</ID>
    <DeviceID>1</DeviceID>
    <ButtonID>11</ButtonID>
    <Discription>Bomb Rocket Tank Salvo</Discription>
    <Type>Switch</Type>
  </Clickabledata>
  <Clickabledata>
    <ID>16</ID>
    <DeviceID>1</DeviceID>
    <ButtonID>12</ButtonID>
    <Discription>Bomb Sel.</Discription>
    <Type>Switch</Type>
  </Clickabledata>
  <Clickabledata>
    <ID>17</ID>
    <DeviceID>1</DeviceID>
    <ButtonID>13</ButtonID>
    <Discription>Gyr'Syn Compass</Discription>
    <Type>Switch</Type>
  </Clickabledata>
  <Clickabledata>
    <ID>18</ID>
    <DeviceID>1</DeviceID>
    <ButtonID>14</ButtonID>
    <Discription>3f Inverter</Discription>
    <Type>Switch</Type>
  </Clickabledata>
  <Clickabledata>
    <ID>19</ID>
    <DeviceID>1</DeviceID>
    <ButtonID>15</ButtonID>
    <Discription>Turn Bank Ind.</Discription>
    <Type>Switch</Type>
  </Clickabledata>
  <Clickabledata>
    <ID>20</ID>
    <DeviceID>1</DeviceID>
    <ButtonID>16</ButtonID>
    <Discription>Rudder Trim and Take-Off Ind.</Discription>
    <Type>Switch</Type>
  </Clickabledata>
  <Clickabledata>
    <ID>21</ID>
    <DeviceID>1</DeviceID>
    <ButtonID>17</ButtonID>
    <Discription>Alt Ail. Trim</Discription>
    <Type>Switch</Type>
  </Clickabledata>
  <Clickabledata>
    <ID>22</ID>
    <DeviceID>1</DeviceID>
    <ButtonID>18</ButtonID>
    <Discription>Ail and Horiz. Trim and Alt Horiz. Trim</Discription>
    <Type>Switch</Type>
  </Clickabledata>
  <Clickabledata>
    <ID>23</ID>
    <DeviceID>1</DeviceID>
    <ButtonID>19</ButtonID>
    <Discription>LDG Light Control</Discription>
    <Type>Switch</Type>
  </Clickabledata>
  <Clickabledata>
    <ID>24</ID>
    <DeviceID>1</DeviceID>
    <ButtonID>20</ButtonID>
    <Discription>LDG Lights</Discription>
    <Type>Switch</Type>
  </Clickabledata>
  <Clickabledata>
    <ID>25</ID>
    <DeviceID>1</DeviceID>
    <ButtonID>21</ButtonID>
    <Discription>Fire Warn.</Discription>
    <Type>Switch</Type>
  </Clickabledata>
  <Clickabledata>
    <ID>26</ID>
    <DeviceID>1</DeviceID>
    <ButtonID>22</ButtonID>
    <Discription>Bus Tie-In Control</Discription>
    <Type>Switch</Type>
  </Clickabledata>
  <Clickabledata>
    <ID>27</ID>
    <DeviceID>1</DeviceID>
    <ButtonID>23</ButtonID>
    <Discription>Speed Brake</Discription>
    <Type>Switch</Type>
  </Clickabledata>
  <Clickabledata>
    <ID>28</ID>
    <DeviceID>1</DeviceID>
    <ButtonID>24</ButtonID>
    <Discription>Free Air and Oil Temp and Air Sel.</Discription>
    <Type>Switch</Type>
  </Clickabledata>
  <Clickabledata>
    <ID>29</ID>
    <DeviceID>1</DeviceID>
    <ButtonID>25</ButtonID>
    <Discription>LDG Gear Warn.</Discription>
    <Type>Switch</Type>
  </Clickabledata>
  <Clickabledata>
    <ID>30</ID>
    <DeviceID>1</DeviceID>
    <ButtonID>26</ButtonID>
    <Discription>LDG Gear Control</Discription>
    <Type>Switch</Type>
  </Clickabledata>
  <Clickabledata>
    <ID>31</ID>
    <DeviceID>1</DeviceID>
    <ButtonID>27</ButtonID>
    <Discription>LDG Gear Pos Ind.</Discription>
    <Type>Switch</Type>
  </Clickabledata>
  <Clickabledata>
    <ID>32</ID>
    <DeviceID>1</DeviceID>
    <ButtonID>28</ButtonID>
    <Discription>Fuel Booster AFT</Discription>
    <Type>Switch</Type>
  </Clickabledata>
  <Clickabledata>
    <ID>33</ID>
    <DeviceID>1</DeviceID>
    <ButtonID>29</ButtonID>
    <Discription>Alt Emerg. Hyd. Cont. and Hyd. Press Ind.</Discription>
    <Type>Switch</Type>
  </Clickabledata>
  <Clickabledata>
    <ID>34</ID>
    <DeviceID>1</DeviceID>
    <ButtonID>30</ButtonID>
    <Discription>Sight Power</Discription>
    <Type>Switch</Type>
  </Clickabledata>
  <Clickabledata>
    <ID>35</ID>
    <DeviceID>1</DeviceID>
    <ButtonID>31</ButtonID>
    <Discription>Sight Heater</Discription>
    <Type>Switch</Type>
  </Clickabledata>
  <Clickabledata>
    <ID>36</ID>
    <DeviceID>1</DeviceID>
    <ButtonID>32</ButtonID>
    <Discription>Sight A.C. Power Unit</Discription>
    <Type>Switch</Type>
  </Clickabledata>
  <Clickabledata>
    <ID>37</ID>
    <DeviceID>1</DeviceID>
    <ButtonID>33</ButtonID>
    <Discription>AN/ARN-6 Radio Compass</Discription>
    <Type>Switch</Type>
  </Clickabledata>
  <Clickabledata>
    <ID>38</ID>
    <DeviceID>1</DeviceID>
    <ButtonID>34</ButtonID>
    <Discription>Eng. Master Fuel Shut-Off</Discription>
    <Type>Switch</Type>
  </Clickabledata>
  <Clickabledata>
    <ID>39</ID>
    <DeviceID>1</DeviceID>
    <ButtonID>35</ButtonID>
    <Discription>Eng. Ign.</Discription>
    <Type>Switch</Type>
  </Clickabledata>
  <Clickabledata>
    <ID>40</ID>
    <DeviceID>1</DeviceID>
    <ButtonID>36</ButtonID>
    <Discription>Fuel Level</Discription>
    <Type>Switch</Type>
  </Clickabledata>
  <Clickabledata>
    <ID>41</ID>
    <DeviceID>1</DeviceID>
    <ButtonID>37</ButtonID>
    <Discription>Inv Gen. Failure Overvolt LTS Test</Discription>
    <Type>Switch</Type>
  </Clickabledata>
  <Clickabledata>
    <ID>42</ID>
    <DeviceID>1</DeviceID>
    <ButtonID>38</ButtonID>
    <Discription>Light Post IndCode</Discription>
    <Type>Switch</Type>
  </Clickabledata>
  <Clickabledata>
    <ID>43</ID>
    <DeviceID>1</DeviceID>
    <ButtonID>39</ButtonID>
    <Discription>Console and Ped LTS</Discription>
    <Type>Switch</Type>
  </Clickabledata>
  <Clickabledata>
    <ID>44</ID>
    <DeviceID>1</DeviceID>
    <ButtonID>40</ButtonID>
    <Discription>Fuel Boost FWD</Discription>
    <Type>Switch</Type>
  </Clickabledata>
  <Clickabledata>
    <ID>45</ID>
    <DeviceID>1</DeviceID>
    <ButtonID>41</ButtonID>
    <Discription>Wing Flap LH.</Discription>
    <Type>Switch</Type>
  </Clickabledata>
  <Clickabledata>
    <ID>46</ID>
    <DeviceID>1</DeviceID>
    <ButtonID>42</ButtonID>
    <Discription>Wing Flap RH.</Discription>
    <Type>Switch</Type>
  </Clickabledata>
  <Clickabledata>
    <ID>47</ID>
    <DeviceID>1</DeviceID>
    <ButtonID>43</ButtonID>
    <Discription>Light Fluor</Discription>
    <Type>Switch</Type>
  </Clickabledata>
  <Clickabledata>
    <ID>48</ID>
    <DeviceID>1</DeviceID>
    <ButtonID>44</ButtonID>
    <Discription>Sight Control</Discription>
    <Type>Switch</Type>
  </Clickabledata>
  <Clickabledata>
    <ID>49</ID>
    <DeviceID>1</DeviceID>
    <ButtonID>45</ButtonID>
    <Discription>AN/APC 3 Radio</Discription>
    <Type>Switch</Type>
  </Clickabledata>
  <Clickabledata>
    <ID>50</ID>
    <DeviceID>1</DeviceID>
    <ButtonID>46</ButtonID>
    <Discription>AN/APX-6 Radio IFF</Discription>
    <Type>Switch</Type>
  </Clickabledata>
  <Clickabledata>
    <ID>51</ID>
    <DeviceID>2</DeviceID>
    <ButtonID>1</ButtonID>
    <Discription>Landing Gear Handle</Discription>
    <Type>Switch</Type>
  </Clickabledata>
  <Clickabledata>
    <ID>52</ID>
    <DeviceID>2</DeviceID>
    <ButtonID>2</ButtonID>
    <Discription>Landing Gear Emergency-up Button</Discription>
    <Type>Switch</Type>
  </Clickabledata>
  <Clickabledata>
    <ID>53</ID>
    <DeviceID>2</DeviceID>
    <ButtonID>4</ButtonID>
    <Discription>Hydraulic Pressure Gage and Selector Switch</Discription>
    <Type>Switch</Type>
  </Clickabledata>
  <Clickabledata>
    <ID>54</ID>
    <DeviceID>2</DeviceID>
    <ButtonID>6</ButtonID>
    <Discription>Speed Brake Emergency Lever</Discription>
    <Type>Switch</Type>
  </Clickabledata>
  <Clickabledata>
    <ID>55</ID>
    <DeviceID>2</DeviceID>
    <ButtonID>7</ButtonID>
    <Discription>Alternate-on Warning Light</Discription>
    <Type>Switch</Type>
  </Clickabledata>
  <Clickabledata>
    <ID>56</ID>
    <DeviceID>2</DeviceID>
    <ButtonID>8</ButtonID>
    <Discription>Alternate Hydraulic Emergency Override Handle</Discription>
    <Type>Switch</Type>
  </Clickabledata>
  <Clickabledata>
    <ID>57</ID>
    <DeviceID>2</DeviceID>
    <ButtonID>3</ButtonID>
    <Discription>Flight Control Switch</Discription>
    <Type>Switch</Type>
  </Clickabledata>
  <Clickabledata>
    <ID>58</ID>
    <DeviceID>2</DeviceID>
    <ButtonID>9</ButtonID>
    <Discription>Landing Gear Warning Horn Cutout Button</Discription>
    <Type>Switch</Type>
  </Clickabledata>
  <Clickabledata>
    <ID>59</ID>
    <DeviceID>3</DeviceID>
    <ButtonID>1</ButtonID>
    <Discription>Fuel Densitometer Selection Switch</Discription>
    <Type>Switch</Type>
  </Clickabledata>
  <Clickabledata>
    <ID>60</ID>
    <DeviceID>3</DeviceID>
    <ButtonID>2</ButtonID>
    <Discription>Fuel Densitometer Selection Switch Cover</Discription>
    <Type>Switch</Type>
  </Clickabledata>
  <Clickabledata>
    <ID>71</ID>
    <DeviceID>3</DeviceID>
    <ButtonID>3</ButtonID>
    <Discription>Drop Tank Selector Switch</Discription>
    <Type>Switch</Type>
  </Clickabledata>
  <Clickabledata>
    <ID>72</ID>
    <DeviceID>3</DeviceID>
    <ButtonID>4</ButtonID>
    <Discription>Drop Tank Jettison Button</Discription>
    <Type>Switch</Type>
  </Clickabledata>
  <Clickabledata>
    <ID>73</ID>
    <DeviceID>3</DeviceID>
    <ButtonID>5</ButtonID>
    <Discription>Outboard Drop Tank Empty Indicator Light</Discription>
    <Type>Switch</Type>
  </Clickabledata>
  <Clickabledata>
    <ID>74</ID>
    <DeviceID>14</DeviceID>
    <ButtonID>1</ButtonID>
    <Discription>Oxygen Regulator Diluter Lever</Discription>
    <Type>Switch</Type>
  </Clickabledata>
  <Clickabledata>
    <ID>75</ID>
    <DeviceID>14</DeviceID>
    <ButtonID>2</ButtonID>
    <Discription>Oxygen Regulator Supply Lever {0.0 - 1.0 in -0.5 steps</Discription>
    <Type>Rotary</Type>
  </Clickabledata>
  <Clickabledata>
    <ID>76</ID>
    <DeviceID>15</DeviceID>
    <ButtonID>1</ButtonID>
    <Discription>Engine Fire Detector System Test Button</Discription>
    <Type>Switch</Type>
  </Clickabledata>
  <Clickabledata>
    <ID>77</ID>
    <DeviceID>15</DeviceID>
    <ButtonID>2</ButtonID>
    <Discription>Forward Engine Compartment Fire-warning Light</Discription>
    <Type>Switch</Type>
  </Clickabledata>
  <Clickabledata>
    <ID>78</ID>
    <DeviceID>15</DeviceID>
    <ButtonID>3</ButtonID>
    <Discription>Aft Engine Compartment Fire-warning Light</Discription>
    <Type>Switch</Type>
  </Clickabledata>
  <Clickabledata>
    <ID>79</ID>
    <DeviceID>16</DeviceID>
    <ButtonID>1</ButtonID>
    <Discription>Cockpit Pressure Control Switch</Discription>
    <Type>Switch</Type>
  </Clickabledata>
  <Clickabledata>
    <ID>80</ID>
    <DeviceID>16</DeviceID>
    <ButtonID>2</ButtonID>
    <Discription>Cockpit Pressure Schedule Selector Switch</Discription>
    <Type>Switch</Type>
  </Clickabledata>
  <Clickabledata>
    <ID>81</ID>
    <DeviceID>16</DeviceID>
    <ButtonID>3</ButtonID>
    <Discription>Pitot Heater Switch</Discription>
    <Type>Switch</Type>
  </Clickabledata>
  <Clickabledata>
    <ID>82</ID>
    <DeviceID>16</DeviceID>
    <ButtonID>4</ButtonID>
    <Discription>Cockpit Air Temperature Control Rheostat {0.0 - 1.0 in 0.3 steps}</Discription>
    <Type>Rotary</Type>
  </Clickabledata>
  <Clickabledata>
    <ID>83</ID>
    <DeviceID>16</DeviceID>
    <ButtonID>6</ButtonID>
    <Discription>Cockpit Air Temperature Control Switch Cover</Discription>
    <Type>Switch</Type>
  </Clickabledata>
  <Clickabledata>
    <ID>84</ID>
    <DeviceID>16</DeviceID>
    <ButtonID>5</ButtonID>
    <Discription>Cockpit Air Temperature Control Switch</Discription>
    <Type>Switch</Type>
  </Clickabledata>
  <Clickabledata>
    <ID>85</ID>
    <DeviceID>16</DeviceID>
    <ButtonID>7</ButtonID>
    <Discription>Engine Anti-Ice and Screen Switch</Discription>
    <Type>Switch</Type>
  </Clickabledata>
  <Clickabledata>
    <ID>86</ID>
    <DeviceID>16</DeviceID>
    <ButtonID>8</ButtonID>
    <Discription>Air Outlet Selector Lever</Discription>
    <Type>Switch</Type>
  </Clickabledata>
  <Clickabledata>
    <ID>87</ID>
    <DeviceID>17</DeviceID>
    <ButtonID>4</ButtonID>
    <Discription>Compass Light Switch</Discription>
    <Type>Switch</Type>
  </Clickabledata>
  <Clickabledata>
    <ID>88</ID>
    <DeviceID>17</DeviceID>
    <ButtonID>2</ButtonID>
    <Discription>Instrument Panel Primary Light Rheostat {0.0 - 1.0 in 0.5 steps}</Discription>
    <Type>Rotary</Type>
  </Clickabledata>
  <Clickabledata>
    <ID>89</ID>
    <DeviceID>17</DeviceID>
    <ButtonID>3</ButtonID>
    <Discription>Instrument Panel Auxiliary Light Rheostat {0.0 - 1.0 in 0.5 steps}</Discription>
    <Type>Rotary</Type>
  </Clickabledata>
  <Clickabledata>
    <ID>90</ID>
    <DeviceID>17</DeviceID>
    <ButtonID>1</ButtonID>
    <Discription>Console and Panel Light Rheostat {0.0 - 1.0 in 0.5 steps}</Discription>
    <Type>Rotary</Type>
  </Clickabledata>
  <Clickabledata>
    <ID>91</ID>
    <DeviceID>18</DeviceID>
    <ButtonID>1</ButtonID>
    <Discription>Landing and Taxi Lights Switch</Discription>
    <Type>Switch</Type>
  </Clickabledata>
  <Clickabledata>
    <ID>92</ID>
    <DeviceID>18</DeviceID>
    <ButtonID>2</ButtonID>
    <Discription>Position and Fuselage Light Selector Switch</Discription>
    <Type>Switch</Type>
  </Clickabledata>
  <Clickabledata>
    <ID>93</ID>
    <DeviceID>18</DeviceID>
    <ButtonID>3</ButtonID>
    <Discription>Exterior Lighting Dimmer Switch</Discription>
    <Type>Switch</Type>
  </Clickabledata>
  <Clickabledata>
    <ID>94</ID>
    <DeviceID>4</DeviceID>
    <ButtonID>3</ButtonID>
    <Discription>Emergency Fuel Switch</Discription>
    <Type>Switch</Type>
  </Clickabledata>
  <Clickabledata>
    <ID>95</ID>
    <DeviceID>4</DeviceID>
    <ButtonID>2</ButtonID>
    <Discription>Emergency (In-air) Ignition Switch Cover</Discription>
    <Type>Switch</Type>
  </Clickabledata>
  <Clickabledata>
    <ID>96</ID>
    <DeviceID>4</DeviceID>
    <ButtonID>1</ButtonID>
    <Discription>Emergency (In-air) Ignition Switch</Discription>
    <Type>Switch</Type>
  </Clickabledata>
  <Clickabledata>
    <ID>97</ID>
    <DeviceID>13</DeviceID>
    <ButtonID>8</ButtonID>
    <Discription>Lateral Alternate Trim Switch</Discription>
    <Type>Switch</Type>
  </Clickabledata>
  <Clickabledata>
    <ID>98</ID>
    <DeviceID>13</DeviceID>
    <ButtonID>10</ButtonID>
    <Discription>Rudder Trim Switch</Discription>
    <Type>Switch</Type>
  </Clickabledata>
  <Clickabledata>
    <ID>99</ID>
    <DeviceID>13</DeviceID>
    <ButtonID>11</ButtonID>
    <Discription>Longitudinal Alternate Trim Switch Cover</Discription>
    <Type>Switch</Type>
  </Clickabledata>
  <Clickabledata>
    <ID>100</ID>
    <DeviceID>13</DeviceID>
    <ButtonID>9</ButtonID>
    <Discription>Longitudinal Alternate Trim Switch</Discription>
    <Type>Switch</Type>
  </Clickabledata>
  <Clickabledata>
    <ID>101</ID>
    <DeviceID>13</DeviceID>
    <ButtonID>12</ButtonID>
    <Discription>Take-off (Trim) Position Indicator Light</Discription>
    <Type>Switch</Type>
  </Clickabledata>
  <Clickabledata>
    <ID>102</ID>
    <DeviceID>13</DeviceID>
    <ButtonID>1</ButtonID>
    <Discription>Wing Flaps Handle</Discription>
    <Type>Switch</Type>
  </Clickabledata>
  <Clickabledata>
    <ID>103</ID>
    <DeviceID>26</DeviceID>
    <ButtonID>2</ButtonID>
    <Discription>AN/ARC-27 UHF Audio Volume Knob {0.1 - 0.9 in 0.5 steps}</Discription>
    <Type>Rotary</Type>
  </Clickabledata>
  <Clickabledata>
    <ID>104</ID>
    <DeviceID>26</DeviceID>
    <ButtonID>1</ButtonID>
    <Discription>AN/ARC-27 UHF Preset Channel Selector</Discription>
    <Type>Switch</Type>
  </Clickabledata>
  <Clickabledata>
    <ID>105</ID>
    <DeviceID>26</DeviceID>
    <ButtonID>3</ButtonID>
    <Discription>AN/ARC-27 UHF Power Switch</Discription>
    <Type>Switch</Type>
  </Clickabledata>
  <Clickabledata>
    <ID>106</ID>
    <DeviceID>27</DeviceID>
    <ButtonID>4</ButtonID>
    <Discription>AN/ARN-6 Audio Volume Control {0.1 - 0.9 in 0.5 steps}</Discription>
    <Type>Rotary</Type>
  </Clickabledata>
  <Clickabledata>
    <ID>107</ID>
    <DeviceID>27</DeviceID>
    <ButtonID>2</ButtonID>
    <Discription>AN/ARN-6 Frequency Band Switch</Discription>
    <Type>Switch</Type>
  </Clickabledata>
  <Clickabledata>
    <ID>108</ID>
    <DeviceID>27</DeviceID>
    <ButtonID>1</ButtonID>
    <Discription>AN/ARN-6 Function Selector Switch</Discription>
    <Type>Switch</Type>
  </Clickabledata>
  <Clickabledata>
    <ID>109</ID>
    <DeviceID>27</DeviceID>
    <ButtonID>5</ButtonID>
    <Discription>AN/ARN-6 LOOP L-R Switch</Discription>
    <Type>Switch</Type>
  </Clickabledata>
  <Clickabledata>
    <ID>110</ID>
    <DeviceID>27</DeviceID>
    <ButtonID>3</ButtonID>
    <Discription>AN/ARN-6 Tuning Crank {0.0 - 1.0 in 0.01 steps}</Discription>
    <Type>Rotary</Type>
  </Clickabledata>
  <Clickabledata>
    <ID>111</ID>
    <DeviceID>27</DeviceID>
    <ButtonID>7</ButtonID>
    <Discription>AN/ARN-6 Scale Light Switch</Discription>
    <Type>Switch</Type>
  </Clickabledata>
  <Clickabledata>
    <ID>112</ID>
    <DeviceID>27</DeviceID>
    <ButtonID>8</ButtonID>
    <Discription>AN/ARN-6 East/West Variation Knob {0.0 - 1.0 in 0.05 steps}</Discription>
    <Type>Rotary</Type>
  </Clickabledata>
  <Clickabledata>
    <ID>113</ID>
    <DeviceID>29</DeviceID>
    <ButtonID>1</ButtonID>
    <Discription>AN/APX-6 IFF Master Switch</Discription>
    <Type>Switch</Type>
  </Clickabledata>
  <Clickabledata>
    <ID>114</ID>
    <DeviceID>29</DeviceID>
    <ButtonID>2</ButtonID>
    <Discription>AN/APX-6 IFF Mode 2 Switch</Discription>
    <Type>Switch</Type>
  </Clickabledata>
  <Clickabledata>
    <ID>115</ID>
    <DeviceID>29</DeviceID>
    <ButtonID>3</ButtonID>
    <Discription>AN/APX-6 IFF Mode 3 Switch</Discription>
    <Type>Switch</Type>
  </Clickabledata>
  <Clickabledata>
    <ID>116</ID>
    <DeviceID>29</DeviceID>
    <ButtonID>5</ButtonID>
    <Discription>AN/APX-6 IFF Destruct Switch Cover</Discription>
    <Type>Switch</Type>
  </Clickabledata>
  <Clickabledata>
    <ID>117</ID>
    <DeviceID>29</DeviceID>
    <ButtonID>4</ButtonID>
    <Discription>AN/APX-6 IFF Destruct Switch</Discription>
    <Type>Switch</Type>
  </Clickabledata>
  <Clickabledata>
    <ID>118</ID>
    <DeviceID>7</DeviceID>
    <ButtonID>1</ButtonID>
    <Discription>Altimeter reference pressure adjusting knob {0.0 - 1.0 in 0.6 steps}</Discription>
    <Type>Rotary</Type>
  </Clickabledata>
  <Clickabledata>
    <ID>119</ID>
    <DeviceID>20</DeviceID>
    <ButtonID>1</ButtonID>
    <Discription>Compass Correction {0.0 - 1.0 in 0.05 steps}</Discription>
    <Type>Rotary</Type>
  </Clickabledata>
  <Clickabledata>
    <ID>120</ID>
    <DeviceID>20</DeviceID>
    <ButtonID>3</ButtonID>
    <Discription>Directional Indicator Fast Slaving Switch</Discription>
    <Type>Switch</Type>
  </Clickabledata>
  <Clickabledata>
    <ID>121</ID>
    <DeviceID>24</DeviceID>
    <ButtonID>1</ButtonID>
    <Discription>Pull to Cage Knob</Discription>
    <Type>Switch</Type>
  </Clickabledata>
  <Clickabledata>
    <ID>122</ID>
    <DeviceID>12</DeviceID>
    <ButtonID>1</ButtonID>
    <Discription>Accelerometer Reset Knob</Discription>
    <Type>Switch</Type>
  </Clickabledata>
  <Clickabledata>
    <ID>123</ID>
    <DeviceID>10</DeviceID>
    <ButtonID>1</ButtonID>
    <Discription>Set Clock Knob (funktion 1)</Discription>
    <Type>Switch</Type>
  </Clickabledata>
  <Clickabledata>
    <ID>124</ID>
    <DeviceID>10</DeviceID>
    <ButtonID>2</ButtonID>
    <Discription>Set Clock Knob (funktion 2)</Discription>
    <Type>Switch</Type>
  </Clickabledata>
  <Clickabledata>
    <ID>125</ID>
    <DeviceID>10</DeviceID>
    <ButtonID>3</ButtonID>
    <Discription>Set Clock Knob (funktion 3)</Discription>
    <Type>Switch</Type>
  </Clickabledata>
  <Clickabledata>
    <ID>126</ID>
    <DeviceID>10</DeviceID>
    <ButtonID>4</ButtonID>
    <Discription>Elapsed Time Mechanism Button</Discription>
    <Type>Switch</Type>
  </Clickabledata>
  <Clickabledata>
    <ID>127</ID>
    <DeviceID>22</DeviceID>
    <ButtonID>3</ButtonID>
    <Discription>A-4 Sight Reticle Dimmer Control {0.0 - 0.74 in -0.2 steps}</Discription>
    <Type>Rotary</Type>
  </Clickabledata>
  <Clickabledata>
    <ID>128</ID>
    <DeviceID>22</DeviceID>
    <ButtonID>17</ButtonID>
    <Discription>A-4 Sight Mechanical Caging Lever (up)</Discription>
    <Type>Switch</Type>
  </Clickabledata>
  <Clickabledata>
    <ID>129</ID>
    <DeviceID>22</DeviceID>
    <ButtonID>16</ButtonID>
    <Discription>A-4 Sight Mechanical Caging Lever (down)</Discription>
    <Type>Switch</Type>
  </Clickabledata>
  <Clickabledata>
    <ID>130</ID>
    <DeviceID>22</DeviceID>
    <ButtonID>15</ButtonID>
    <Discription>A-4 Sight Filament Selector Switch</Discription>
    <Type>Switch</Type>
  </Clickabledata>
  <Clickabledata>
    <ID>131</ID>
    <DeviceID>22</DeviceID>
    <ButtonID>11</ButtonID>
    <Discription>Variable Sight Selector Unit - Sight Function Selector Lever</Discription>
    <Type>Switch</Type>
  </Clickabledata>
  <Clickabledata>
    <ID>132</ID>
    <DeviceID>22</DeviceID>
    <ButtonID>12</ButtonID>
    <Discription>Variable Sight Selector Unit - Target Speed Switch</Discription>
    <Type>Switch</Type>
  </Clickabledata>
  <Clickabledata>
    <ID>133</ID>
    <DeviceID>22</DeviceID>
    <ButtonID>13</ButtonID>
    <Discription>Variable Sight Selector Unit - Rocket Depression Angle Selector {0.0 - 1.0 in 0.6 steps}</Discription>
    <Type>Rotary</Type>
  </Clickabledata>
  <Clickabledata>
    <ID>134</ID>
    <DeviceID>22</DeviceID>
    <ButtonID>14</ButtonID>
    <Discription>Bomb-Target Wind Control Knob (rotay) {0.0, 1.0} in 0.6 steps</Discription>
    <Type>Rotary</Type>
  </Clickabledata>
  <Clickabledata>
    <ID>135</ID>
    <DeviceID>5</DeviceID>
    <ButtonID>6</ButtonID>
    <Discription>Demolition Bomb Release Selector Switch</Discription>
    <Type>Switch</Type>
  </Clickabledata>
  <Clickabledata>
    <ID>136</ID>
    <DeviceID>5</DeviceID>
    <ButtonID>7</ButtonID>
    <Discription>Demolition Bomb Arming Switch (Fuze Selection)</Discription>
    <Type>Switch</Type>
  </Clickabledata>
  <Clickabledata>
    <ID>137</ID>
    <DeviceID>5</DeviceID>
    <ButtonID>8</ButtonID>
    <Discription>Demolition Bomb Sequence Selector Switch</Discription>
    <Type>Switch</Type>
  </Clickabledata>
  <Clickabledata>
    <ID>138</ID>
    <DeviceID>5</DeviceID>
    <ButtonID>11</ButtonID>
    <Discription>Rocket Fuze (Arming) Switch</Discription>
    <Type>Switch</Type>
  </Clickabledata>
  <Clickabledata>
    <ID>139</ID>
    <DeviceID>5</DeviceID>
    <ButtonID>12</ButtonID>
    <Discription>Rocket Jettison Switch</Discription>
    <Type>Switch</Type>
  </Clickabledata>
  <Clickabledata>
    <ID>140</ID>
    <DeviceID>5</DeviceID>
    <ButtonID>10</ButtonID>
    <Discription>Rocket Release Selector Switch Cover</Discription>
    <Type>Switch</Type>
  </Clickabledata>
  <Clickabledata>
    <ID>141</ID>
    <DeviceID>5</DeviceID>
    <ButtonID>9</ButtonID>
    <Discription>Rocket Release Selector Switch</Discription>
    <Type>Switch</Type>
  </Clickabledata>
  <Clickabledata>
    <ID>142</ID>
    <DeviceID>5</DeviceID>
    <ButtonID>1</ButtonID>
    <Discription>Gun Selector Switch</Discription>
    <Type>Switch</Type>
  </Clickabledata>
  <Clickabledata>
    <ID>143</ID>
    <DeviceID>5</DeviceID>
    <ButtonID>2</ButtonID>
    <Discription>Gun-Missile Selector Switch</Discription>
    <Type>Switch</Type>
  </Clickabledata>
  <Clickabledata>
    <ID>144</ID>
    <DeviceID>5</DeviceID>
    <ButtonID>3</ButtonID>
    <Discription>Gun Heater Switch</Discription>
    <Type>Switch</Type>
  </Clickabledata>
  <Clickabledata>
    <ID>145</ID>
    <DeviceID>5</DeviceID>
    <ButtonID>4</ButtonID>
    <Discription>Manual Pip Control Switch</Discription>
    <Type>Switch</Type>
  </Clickabledata>
  <Clickabledata>
    <ID>146</ID>
    <DeviceID>5</DeviceID>
    <ButtonID>16</ButtonID>
    <Discription>Manual Pip Control Change Calibrated Dials (Presets)</Discription>
    <Type>Switch</Type>
  </Clickabledata>
  <Clickabledata>
    <ID>147</ID>
    <DeviceID>5</DeviceID>
    <ButtonID>5</ButtonID>
    <Discription>Manual Pip Control Knob {0.0 - 1.0 in 0.1 steps}</Discription>
    <Type>Rotary</Type>
  </Clickabledata>
  <Clickabledata>
    <ID>148</ID>
    <DeviceID>5</DeviceID>
    <ButtonID>21</ButtonID>
    <Discription>A-4 Sight Bombing Altimeter Target Altitude Knob {0.0 - 1.0 in 0.015 steps}</Discription>
    <Type>Rotary</Type>
  </Clickabledata>
  <Clickabledata>
    <ID>149</ID>
    <DeviceID>5</DeviceID>
    <ButtonID>22</ButtonID>
    <Discription>A-4 Sight Bombing Altimeter Index Altitude Handle {0.0 - 1.0 in -0.015 steps}</Discription>
    <Type>Rotary</Type>
  </Clickabledata>
  <Clickabledata>
    <ID>150</ID>
    <DeviceID>5</DeviceID>
    <ButtonID>13</ButtonID>
    <Discription>LABS Gyro Caging Switch</Discription>
    <Type>Switch</Type>
  </Clickabledata>
  <Clickabledata>
    <ID>151</ID>
    <DeviceID>5</DeviceID>
    <ButtonID>14</ButtonID>
    <Discription>LABS Start Switch</Discription>
    <Type>Switch</Type>
  </Clickabledata>
  <Clickabledata>
    <ID>152</ID>
    <DeviceID>5</DeviceID>
    <ButtonID>15</ButtonID>
    <Discription>LABS Change-over Switch</Discription>
    <Type>Switch</Type>
  </Clickabledata>
  <Clickabledata>
    <ID>153</ID>
    <DeviceID>5</DeviceID>
    <ButtonID>17</ButtonID>
    <Discription>Bomb-Rocket-Tank Jettison Button</Discription>
    <Type>Switch</Type>
  </Clickabledata>
  <Clickabledata>
    <ID>154</ID>
    <DeviceID>5</DeviceID>
    <ButtonID>18</ButtonID>
    <Discription>Missile Control Switch</Discription>
    <Type>Switch</Type>
  </Clickabledata>
  <Clickabledata>
    <ID>155</ID>
    <DeviceID>5</DeviceID>
    <ButtonID>19</ButtonID>
    <Discription>Tone Volume {0.0 - 1.0 in 0.1 steps}</Discription>
    <Type>Rotary</Type>
  </Clickabledata>
  <Clickabledata>
    <ID>156</ID>
    <DeviceID>5</DeviceID>
    <ButtonID>20</ButtonID>
    <Discription>Safe Launch Button</Discription>
    <Type>Switch</Type>
  </Clickabledata>
  <Clickabledata>
    <ID>157</ID>
    <DeviceID>5</DeviceID>
    <ButtonID>23</ButtonID>
    <Discription>Rocket Intervalometer (up)</Discription>
    <Type>Switch</Type>
  </Clickabledata>
  <Clickabledata>
    <ID>158</ID>
    <DeviceID>5</DeviceID>
    <ButtonID>24</ButtonID>
    <Discription>Rocket Intervalometer (down)</Discription>
    <Type>Switch</Type>
  </Clickabledata>
  <Devices>
    <DeviceID>1</DeviceID>
    <Discription>ELEC_INTERFACE</Discription>
  </Devices>
  <Devices>
    <DeviceID>2</DeviceID>
    <Discription>HYDRO_INTERFACE</Discription>
  </Devices>
  <Devices>
    <DeviceID>3</DeviceID>
    <Discription>FUEL_INTERFACE</Discription>
  </Devices>
  <Devices>
    <DeviceID>4</DeviceID>
    <Discription>ENGINE_INTERFACE</Discription>
  </Devices>
  <Devices>
    <DeviceID>5</DeviceID>
    <Discription>WEAPON_SYSTEM</Discription>
  </Devices>
  <Devices>
    <DeviceID>6</DeviceID>
    <Discription>AIR_SPEED_INDICATOR</Discription>
  </Devices>
  <Devices>
    <DeviceID>7</DeviceID>
    <Discription>BARO_ALTIMETER</Discription>
  </Devices>
  <Devices>
    <DeviceID>8</DeviceID>
    <Discription>VARIOMETER</Discription>
  </Devices>
  <Devices>
    <DeviceID>9</DeviceID>
    <Discription>MACH_INDICATOR</Discription>
  </Devices>
  <Devices>
    <DeviceID>10</DeviceID>
    <Discription>CLOCK</Discription>
  </Devices>
  <Devices>
    <DeviceID>11</DeviceID>
    <Discription>TURN_SLIP_INDICATOR</Discription>
  </Devices>
  <Devices>
    <DeviceID>12</DeviceID>
    <Discription>ACCELEROMETER</Discription>
  </Devices>
  <Devices>
    <DeviceID>13</DeviceID>
    <Discription>CONTROL_INTERFACE</Discription>
  </Devices>
  <Devices>
    <DeviceID>14</DeviceID>
    <Discription>OXYGEN_INTERFACE</Discription>
  </Devices>
  <Devices>
    <DeviceID>15</DeviceID>
    <Discription>FIRE_DETECTION_INTERFACE</Discription>
  </Devices>
  <Devices>
    <DeviceID>16</DeviceID>
    <Discription>AIR_INTERFACE</Discription>
  </Devices>
  <Devices>
    <DeviceID>17</DeviceID>
    <Discription>LIGHT_INTERFACE</Discription>
  </Devices>
  <Devices>
    <DeviceID>18</DeviceID>
    <Discription>NAV_LIGHTS_INTERFACE</Discription>
  </Devices>
  <Devices>
    <DeviceID>19</DeviceID>
    <Discription>STANDBY_COMPASS</Discription>
  </Devices>
  <Devices>
    <DeviceID>20</DeviceID>
    <Discription>GYROMAG_COMPASS</Discription>
  </Devices>
  <Devices>
    <DeviceID>21</DeviceID>
    <Discription>AN_APG_30</Discription>
  </Devices>
  <Devices>
    <DeviceID>22</DeviceID>
    <Discription>A4_GUNSIGHT</Discription>
  </Devices>
  <Devices>
    <DeviceID>24</DeviceID>
    <Discription>ATTITUDE_INDICATOR</Discription>
  </Devices>
  <Devices>
    <DeviceID>25</DeviceID>
    <Discription>COCKPIT_MECHANICS</Discription>
  </Devices>
  <Devices>
    <DeviceID>26</DeviceID>
    <Discription>AN_ARC_27_COMMAND_SET</Discription>
  </Devices>
  <Devices>
    <DeviceID>27</DeviceID>
    <Discription>AN_ARN_6_RADIO_COMPASS</Discription>
  </Devices>
  <Devices>
    <DeviceID>29</DeviceID>
    <Discription>AN_APX6_IFF</Discription>
  </Devices>
</DTADataSet>