<?xml version="1.0" standalone="yes"?>
<DTADataSet>
  <DCS_ID>
    <ExportID>44</ExportID>
    <Description>Lamp MasterWarning</Description>
    <ExportIDWithDescription>44 - lamp MasterWarning</ExportIDWithDescription>
    <Type>Lamp</Type>
  </DCS_ID>
  <DCS_ID>
    <ExportID>46</ExportID>
    <Description>Lamp RotorRPM</Description>
    <ExportIDWithDescription>46 - Lamp RotorRPM</ExportIDWithDescription>
    <Type>Lamp</Type>
  </DCS_ID>
  <DCS_ID>
    <ExportID>47</ExportID>
    <Description>Lamp UNDERFIREwarning</Description>
    <ExportIDWithDescription>47 - Lamp UNDERFIREwarning</ExportIDWithDescription>
    <Type>Lamp</Type>
  </DCS_ID>
  <DCS_ID>
    <ExportID>48</ExportID>
    <Description>Lamp LowerGear</Description>
    <ExportIDWithDescription>48 - Lamp LowerGear</ExportIDWithDescription>
    <Type>Lamp</Type>
  </DCS_ID>
  <DCS_ID>
    <ExportID>78</ExportID>
    <Description>Lamp RPM_leftEngineMax</Description>
    <ExportIDWithDescription>78 - Lamp RPM_leftEngineMax</ExportIDWithDescription>
    <Type>Lamp</Type>
  </DCS_ID>
  <DCS_ID>
    <ExportID>79</ExportID>
    <Description>Lamp RPM_rightEngineMax</Description>
    <ExportIDWithDescription>79 - Lamp RPM_rightEngineMax</ExportIDWithDescription>
    <Type>Lamp</Type>
  </DCS_ID>
  <DCS_ID>
    <ExportID>80</ExportID>
    <Description>Lamp NyMax</Description>
    <ExportIDWithDescription>80 - Lamp NyMax</ExportIDWithDescription>
    <Type>Lamp</Type>
  </DCS_ID>
  <DCS_ID>
    <ExportID>81</ExportID>
    <Description>Lamp vibr_leftEngine</Description>
    <ExportIDWithDescription>81 - Lamp vibr_leftEngine</ExportIDWithDescription>
    <Type>Lamp</Type>
  </DCS_ID>
  <DCS_ID>
    <ExportID>82</ExportID>
    <Description>Lamp vibr_rightEngine</Description>
    <ExportIDWithDescription>82 - Lamp vibr_rightEngine</ExportIDWithDescription>
    <Type>Lamp</Type>
  </DCS_ID>
  <DCS_ID>
    <ExportID>83</ExportID>
    <Description>Lamp IAS_max</Description>
    <ExportIDWithDescription>83 - Lamp IAS_max</ExportIDWithDescription>
    <Type>Lamp</Type>
  </DCS_ID>
  <DCS_ID>
    <ExportID>84</ExportID>
    <Description>Lamp mainTransmission</Description>
    <ExportIDWithDescription>84 - Lamp mainTransmission</ExportIDWithDescription>
    <Type>Lamp</Type>
  </DCS_ID>
  <DCS_ID>
    <ExportID>85</ExportID>
    <Description>Lamp Fire</Description>
    <ExportIDWithDescription>85 - Lamp Fire</ExportIDWithDescription>
    <Type>Lamp</Type>
  </DCS_ID>
  <DCS_ID>
    <ExportID>86</ExportID>
    <Description>Lamp IFFfailure</Description>
    <ExportIDWithDescription>86 - Lamp IFFfailure</ExportIDWithDescription>
    <Type>Lamp</Type>
  </DCS_ID>
  <DCS_ID>
    <ExportID>59</ExportID>
    <Description>Lamp LeftMainGearUp</Description>
    <ExportIDWithDescription>59 - Lamp LeftMainGearUp</ExportIDWithDescription>
    <Type>Lamp</Type>
  </DCS_ID>
  <DCS_ID>
    <ExportID>60</ExportID>
    <Description>Lamp LeftMainGearDown</Description>
    <ExportIDWithDescription>60 - Lamp LeftMainGearDown</ExportIDWithDescription>
    <Type>Lamp</Type>
  </DCS_ID>
  <DCS_ID>
    <ExportID>61</ExportID>
    <Description>Lamp RightMainGearUp</Description>
    <ExportIDWithDescription>61 - Lamp RightMainGearUp</ExportIDWithDescription>
    <Type>Lamp</Type>
  </DCS_ID>
  <DCS_ID>
    <ExportID>62</ExportID>
    <Description>Lamp RightMainGearDown</Description>
    <ExportIDWithDescription>62 - Lamp RightMainGearDown</ExportIDWithDescription>
    <Type>Lamp</Type>
  </DCS_ID>
  <DCS_ID>
    <ExportID>63</ExportID>
    <Description>Lamp NoseGearUp</Description>
    <ExportIDWithDescription>63 - Lamp NoseGearUp</ExportIDWithDescription>
    <Type>Lamp</Type>
  </DCS_ID>
  <DCS_ID>
    <ExportID>64</ExportID>
    <Description>Lamp NoseGearDown</Description>
    <ExportIDWithDescription>64 - Lamp NoseGearDown</ExportIDWithDescription>
    <Type>Lamp</Type>
  </DCS_ID>
  <DCS_ID>
    <ExportID>139</ExportID>
    <Description>Lamp ForwardTankTest</Description>
    <ExportIDWithDescription>139 - Lamp ForwardTankTest</ExportIDWithDescription>
    <Type>Lamp</Type>
  </DCS_ID>
  <DCS_ID>
    <ExportID>140</ExportID>
    <Description>Lamp RearTankTest</Description>
    <ExportIDWithDescription>140 - Lamp RearTankTest</ExportIDWithDescription>
    <Type>Lamp</Type>
  </DCS_ID>
  <DCS_ID>
    <ExportID>388</ExportID>
    <Description>Lamp PUI800_Sta1_WeapIsReady</Description>
    <ExportIDWithDescription>388 - Lamp PUI800_Sta1_WeapIsReady</ExportIDWithDescription>
    <Type>Lamp</Type>
  </DCS_ID>
  <DCS_ID>
    <ExportID>389</ExportID>
    <Description>Lamp PUI800_Sta2_WeapIsReady</Description>
    <ExportIDWithDescription>389 - Lamp PUI800_Sta2_WeapIsReady</ExportIDWithDescription>
    <Type>Lamp</Type>
  </DCS_ID>
  <DCS_ID>
    <ExportID>390</ExportID>
    <Description>Lamp PUI800_Sta3_WeapIsReady</Description>
    <ExportIDWithDescription>390 - Lamp PUI800_Sta3_WeapIsReady</ExportIDWithDescription>
    <Type>Lamp</Type>
  </DCS_ID>
  <DCS_ID>
    <ExportID>391</ExportID>
    <Description>Lamp PUI800_Sta4_WeapIsReady</Description>
    <ExportIDWithDescription>391 - Lamp PUI800_Sta4_WeapIsReady</ExportIDWithDescription>
    <Type>Lamp</Type>
  </DCS_ID>
  <DCS_ID>
    <ExportID>392</ExportID>
    <Description>Lamp PUI800_Sta1_WeapIsPresent</Description>
    <ExportIDWithDescription>392 - Lamp PUI800_Sta1_WeapIsPresent</ExportIDWithDescription>
    <Type>Lamp</Type>
  </DCS_ID>
  <DCS_ID>
    <ExportID>393</ExportID>
    <Description>Lamp PUI800_Sta2_WeapIsPresent</Description>
    <ExportIDWithDescription>393 - Lamp PUI800_Sta2_WeapIsPresent</ExportIDWithDescription>
    <Type>Lamp</Type>
  </DCS_ID>
  <DCS_ID>
    <ExportID>394</ExportID>
    <Description>Lamp PUI800_Sta3_WeapIsPresent</Description>
    <ExportIDWithDescription>394 - Lamp PUI800_Sta3_WeapIsPresent</ExportIDWithDescription>
    <Type>Lamp</Type>
  </DCS_ID>
  <DCS_ID>
    <ExportID>395</ExportID>
    <Description>Lamp PUI800_Sta4_WeapIsPresent</Description>
    <ExportIDWithDescription>395 - Lamp PUI800_Sta4_WeapIsPresent</ExportIDWithDescription>
    <Type>Lamp</Type>
  </DCS_ID>
  <DCS_ID>
    <ExportID>164</ExportID>
    <Description>Lamp RoughNAVcalc</Description>
    <ExportIDWithDescription>164 - Lamp RoughNAVcalc</ExportIDWithDescription>
    <Type>Lamp</Type>
  </DCS_ID>
  <DCS_ID>
    <ExportID>165</ExportID>
    <Description>Lamp RouteHeadingSteering</Description>
    <ExportIDWithDescription>165 - Lamp RouteHeadingSteering</ExportIDWithDescription>
    <Type>Lamp</Type>
  </DCS_ID>
  <DCS_ID>
    <ExportID>166</ExportID>
    <Description>Lamp EndOfRoute</Description>
    <ExportIDWithDescription>166 - Lamp EndOfRoute</ExportIDWithDescription>
    <Type>Lamp</Type>
  </DCS_ID>
  <DCS_ID>
    <ExportID>167</ExportID>
    <Description>Lamp WeapSysBUS_ON</Description>
    <ExportIDWithDescription>167 - Lamp WeapSysBUS_ON</ExportIDWithDescription>
    <Type>Lamp</Type>
  </DCS_ID>
  <DCS_ID>
    <ExportID>170</ExportID>
    <Description>Lamp H_RALT_stab</Description>
    <ExportIDWithDescription>170 - Lamp H_RALT_stab</ExportIDWithDescription>
    <Type>Lamp</Type>
  </DCS_ID>
  <DCS_ID>
    <ExportID>171</ExportID>
    <Description>Lamp RouteCourseSteering</Description>
    <ExportIDWithDescription>171 - Lamp RouteCourseSteering</ExportIDWithDescription>
    <Type>Lamp</Type>
  </DCS_ID>
  <DCS_ID>
    <ExportID>172</ExportID>
    <Description>Lamp Descent</Description>
    <ExportIDWithDescription>172 - Lamp Descent</ExportIDWithDescription>
    <Type>Lamp</Type>
  </DCS_ID>
  <DCS_ID>
    <ExportID>173</ExportID>
    <Description>Lamp CannonMovingBarr</Description>
    <ExportIDWithDescription>173 - Lamp CannonMovingBarr</ExportIDWithDescription>
    <Type>Lamp</Type>
  </DCS_ID>
  <DCS_ID>
    <ExportID>175</ExportID>
    <Description>Lamp Hover</Description>
    <ExportIDWithDescription>175 - Lamp Hover</ExportIDWithDescription>
    <Type>Lamp</Type>
  </DCS_ID>
  <DCS_ID>
    <ExportID>176</ExportID>
    <Description>Lamp Waypoint</Description>
    <ExportIDWithDescription>176 - Lamp Waypoint</ExportIDWithDescription>
    <Type>Lamp</Type>
  </DCS_ID>
  <DCS_ID>
    <ExportID>177</ExportID>
    <Description>Lamp CannonMovingBarr2</Description>
    <ExportIDWithDescription>177 - Lamp CannonMovingBarr2</ExportIDWithDescription>
    <Type>Lamp</Type>
  </DCS_ID>
  <DCS_ID>
    <ExportID>178</ExportID>
    <Description>Lamp Burst</Description>
    <ExportIDWithDescription>178 - Lamp Burst</ExportIDWithDescription>
    <Type>Lamp</Type>
  </DCS_ID>
  <DCS_ID>
    <ExportID>179</ExportID>
    <Description>Lamp OBZOR_800</Description>
    <ExportIDWithDescription>179 - Lamp OBZOR_800</ExportIDWithDescription>
    <Type>Lamp</Type>
  </DCS_ID>
  <DCS_ID>
    <ExportID>180</ExportID>
    <Description>Lamp TrainingMode</Description>
    <ExportIDWithDescription>180 - Lamp TrainingMode</ExportIDWithDescription>
    <Type>Lamp</Type>
  </DCS_ID>
  <DCS_ID>
    <ExportID>181</ExportID>
    <Description>Lamp AntiIceLeftEngine</Description>
    <ExportIDWithDescription>181 - Lamp AntiIceLeftEngine</ExportIDWithDescription>
    <Type>Lamp</Type>
  </DCS_ID>
  <DCS_ID>
    <ExportID>182</ExportID>
    <Description>Lamp AntiIceRightEngine</Description>
    <ExportIDWithDescription>182 - Lamp AntiIceRightEngine</ExportIDWithDescription>
    <Type>Lamp</Type>
  </DCS_ID>
  <DCS_ID>
    <ExportID>183</ExportID>
    <Description>Lamp AntiIceRotors</Description>
    <ExportIDWithDescription>183 - Lamp AntiIceRotors</ExportIDWithDescription>
    <Type>Lamp</Type>
  </DCS_ID>
  <DCS_ID>
    <ExportID>184</ExportID>
    <Description>Lamp VUO_Heat</Description>
    <ExportIDWithDescription>184 - Lamp VUO_Heat</ExportIDWithDescription>
    <Type>Lamp</Type>
  </DCS_ID>
  <DCS_ID>
    <ExportID>185</ExportID>
    <Description>Lamp LeftOuterTank</Description>
    <ExportIDWithDescription>185 - Lamp LeftOuterTank</ExportIDWithDescription>
    <Type>Lamp</Type>
  </DCS_ID>
  <DCS_ID>
    <ExportID>186</ExportID>
    <Description>Lamp RightOuterTank</Description>
    <ExportIDWithDescription>186 - Lamp RightOuterTank</ExportIDWithDescription>
    <Type>Lamp</Type>
  </DCS_ID>
  <DCS_ID>
    <ExportID>187</ExportID>
    <Description>Lamp CouplerOff</Description>
    <ExportIDWithDescription>187 - Lamp CouplerOff</ExportIDWithDescription>
    <Type>Lamp</Type>
  </DCS_ID>
  <DCS_ID>
    <ExportID>188</ExportID>
    <Description>Lamp RANET</Description>
    <ExportIDWithDescription>188 - Lamp RANET</ExportIDWithDescription>
    <Type>Lamp</Type>
  </DCS_ID>
  <DCS_ID>
    <ExportID>189</ExportID>
    <Description>Lamp CC_test</Description>
    <ExportIDWithDescription>189 - Lamp CC_test</ExportIDWithDescription>
    <Type>Lamp</Type>
  </DCS_ID>
  <DCS_ID>
    <ExportID>190</ExportID>
    <Description>Lamp DustProtectLeftEngine</Description>
    <ExportIDWithDescription>190 - Lamp DustProtectLeftEngine</ExportIDWithDescription>
    <Type>Lamp</Type>
  </DCS_ID>
  <DCS_ID>
    <ExportID>191</ExportID>
    <Description>Lamp DustProtectRightEngine</Description>
    <ExportIDWithDescription>191 - Lamp DustProtectRightEngine</ExportIDWithDescription>
    <Type>Lamp</Type>
  </DCS_ID>
  <DCS_ID>
    <ExportID>200</ExportID>
    <Description>Lamp ForwardTank</Description>
    <ExportIDWithDescription>200 - Lamp ForwardTank</ExportIDWithDescription>
    <Type>Lamp</Type>
  </DCS_ID>
  <DCS_ID>
    <ExportID>201</ExportID>
    <Description>Lamp RearTank</Description>
    <ExportIDWithDescription>201 - Lamp RearTank</ExportIDWithDescription>
    <Type>Lamp</Type>
  </DCS_ID>
  <DCS_ID>
    <ExportID>202</ExportID>
    <Description>Lamp LeftInnerTank</Description>
    <ExportIDWithDescription>202 - Lamp LeftInnerTank</ExportIDWithDescription>
    <Type>Lamp</Type>
  </DCS_ID>
  <DCS_ID>
    <ExportID>203</ExportID>
    <Description>Lamp RightInnerTank</Description>
    <ExportIDWithDescription>203 - Lamp RightInnerTank</ExportIDWithDescription>
    <Type>Lamp</Type>
  </DCS_ID>
  <DCS_ID>
    <ExportID>204</ExportID>
    <Description>Lamp ActuatorsOilPress</Description>
    <ExportIDWithDescription>204 - Lamp ActuatorsOilPress</ExportIDWithDescription>
    <Type>Lamp</Type>
  </DCS_ID>
  <DCS_ID>
    <ExportID>205</ExportID>
    <Description>Lamp I_251V</Description>
    <ExportIDWithDescription>205 - Lamp I_251V</ExportIDWithDescription>
    <Type>Lamp</Type>
  </DCS_ID>
  <DCS_ID>
    <ExportID>206</ExportID>
    <Description>Lamp CC_failure</Description>
    <ExportIDWithDescription>206 - Lamp CC_failure</ExportIDWithDescription>
    <Type>Lamp</Type>
  </DCS_ID>
  <DCS_ID>
    <ExportID>207</ExportID>
    <Description>Lamp BackupModeLeftEngine</Description>
    <ExportIDWithDescription>207 - Lamp BackupModeLeftEngine</ExportIDWithDescription>
    <Type>Lamp</Type>
  </DCS_ID>
  <DCS_ID>
    <ExportID>208</ExportID>
    <Description>Lamp BackupModeRightEngine</Description>
    <ExportIDWithDescription>208 - Lamp BackupModeRightEngine</ExportIDWithDescription>
    <Type>Lamp</Type>
  </DCS_ID>
  <DCS_ID>
    <ExportID>209</ExportID>
    <Description>Lamp LeftValveClosed</Description>
    <ExportIDWithDescription>209 - Lamp LeftValveClosed</ExportIDWithDescription>
    <Type>Lamp</Type>
  </DCS_ID>
  <DCS_ID>
    <ExportID>210</ExportID>
    <Description>Lamp RightValveClosed</Description>
    <ExportIDWithDescription>210 - Lamp RightValveClosed</ExportIDWithDescription>
    <Type>Lamp</Type>
  </DCS_ID>
  <DCS_ID>
    <ExportID>211</ExportID>
    <Description>Lamp FuelCrossfeedOn</Description>
    <ExportIDWithDescription>211 - Lamp FuelCrossfeedOn</ExportIDWithDescription>
    <Type>Lamp</Type>
  </DCS_ID>
  <DCS_ID>
    <ExportID>212</ExportID>
    <Description>Lamp DC_AC_Inverter</Description>
    <ExportIDWithDescription>212 - Lamp DC_AC_Inverter</ExportIDWithDescription>
    <Type>Lamp</Type>
  </DCS_ID>
  <DCS_ID>
    <ExportID>213</ExportID>
    <Description>Lamp LockOff</Description>
    <ExportIDWithDescription>213 - Lamp LockOff</ExportIDWithDescription>
    <Type>Lamp</Type>
  </DCS_ID>
  <DCS_ID>
    <ExportID>159</ExportID>
    <Description>Lamp Datalink SEND</Description>
    <ExportIDWithDescription>159 - Lamp Datalink SEND</ExportIDWithDescription>
    <Type>Lamp</Type>
  </DCS_ID>
  <DCS_ID>
    <ExportID>150</ExportID>
    <Description>Lamp Datalink ESCAPE</Description>
    <ExportIDWithDescription>150 - Lamp Datalink ESCAPE</ExportIDWithDescription>
    <Type>Lamp</Type>
  </DCS_ID>
  <DCS_ID>
    <ExportID>161</ExportID>
    <Description>Lamp Datalink ERASE</Description>
    <ExportIDWithDescription>161 - Lamp Datalink ERASE</ExportIDWithDescription>
    <Type>Lamp</Type>
  </DCS_ID>
  <DCS_ID>
    <ExportID>15</ExportID>
    <Description>Lamp Datalink CLEAN</Description>
    <ExportIDWithDescription>15 - Lamp Datalink CLEAN</ExportIDWithDescription>
    <Type>Lamp</Type>
  </DCS_ID>
  <DCS_ID>
    <ExportID>16</ExportID>
    <Description>Lamp Datalink WINGMAN_ALL</Description>
    <ExportIDWithDescription>16 - Lamp Datalink WINGMAN_ALL</ExportIDWithDescription>
    <Type>Lamp</Type>
  </DCS_ID>
  <DCS_ID>
    <ExportID>17</ExportID>
    <Description>Lamp Datalink WINGMAN_1</Description>
    <ExportIDWithDescription>17 - Lamp Datalink WINGMAN_1</ExportIDWithDescription>
    <Type>Lamp</Type>
  </DCS_ID>
  <DCS_ID>
    <ExportID>18</ExportID>
    <Description>Lamp Datalink WINGMAN_2</Description>
    <ExportIDWithDescription>18 - Lamp Datalink WINGMAN_2</ExportIDWithDescription>
    <Type>Lamp</Type>
  </DCS_ID>
  <DCS_ID>
    <ExportID>19</ExportID>
    <Description>Lamp Datalink WINGMAN_3</Description>
    <ExportIDWithDescription>19 - Lamp Datalink WINGMAN_3</ExportIDWithDescription>
    <Type>Lamp</Type>
  </DCS_ID>
  <DCS_ID>
    <ExportID>20</ExportID>
    <Description>Lamp Datalink WINGMAN_4</Description>
    <ExportIDWithDescription>20 - Lamp Datalink WINGMAN_4</ExportIDWithDescription>
    <Type>Lamp</Type>
  </DCS_ID>
  <DCS_ID>
    <ExportID>21</ExportID>
    <Description>Lamp Datalink TARGET_1</Description>
    <ExportIDWithDescription>21 - Lamp Datalink TARGET_1</ExportIDWithDescription>
    <Type>Lamp</Type>
  </DCS_ID>
  <DCS_ID>
    <ExportID>22</ExportID>
    <Description>Lamp Datalink TARGET_2</Description>
    <ExportIDWithDescription>22 - Lamp Datalink TARGET_2</ExportIDWithDescription>
    <Type>Lamp</Type>
  </DCS_ID>
  <DCS_ID>
    <ExportID>23</ExportID>
    <Description>Lamp Datalink TARGET_3</Description>
    <ExportIDWithDescription>23 - Lamp Datalink TARGET_3</ExportIDWithDescription>
    <Type>Lamp</Type>
  </DCS_ID>
  <DCS_ID>
    <ExportID>50</ExportID>
    <Description>Lamp Datalink TARGET_POINT</Description>
    <ExportIDWithDescription>50 - Lamp Datalink TARGET_POINT</ExportIDWithDescription>
    <Type>Lamp</Type>
  </DCS_ID>
  <DCS_ID>
    <ExportID>25</ExportID>
    <Description>Lamp Laser Warning System LampAzimuth_0</Description>
    <ExportIDWithDescription>25 - Lamp Laser Warning System LampAzimuth_0</ExportIDWithDescription>
    <Type>Lamp</Type>
  </DCS_ID>
  <DCS_ID>
    <ExportID>28</ExportID>
    <Description>Lamp Laser Warning System LampAzimuth_90</Description>
    <ExportIDWithDescription>28 - Lamp Laser Warning System LampAzimuth_90</ExportIDWithDescription>
    <Type>Lamp</Type>
  </DCS_ID>
  <DCS_ID>
    <ExportID>26</ExportID>
    <Description>Lamp Laser Warning System LampAzimuth_180</Description>
    <ExportIDWithDescription>26 - Lamp Laser Warning System LampAzimuth_180</ExportIDWithDescription>
    <Type>Lamp</Type>
  </DCS_ID>
  <DCS_ID>
    <ExportID>27</ExportID>
    <Description>Lamp Laser Warning System LampAzimuth_270</Description>
    <ExportIDWithDescription>27 - Lamp Laser Warning System LampAzimuth_270</ExportIDWithDescription>
    <Type>Lamp</Type>
  </DCS_ID>
  <DCS_ID>
    <ExportID>31</ExportID>
    <Description>Lamp Laser Warning System LampAzimuth_UpperHemisphere</Description>
    <ExportIDWithDescription>31 - Lamp Laser Warning System LampAzimuth_UpperHemisphere</ExportIDWithDescription>
    <Type>Lamp</Type>
  </DCS_ID>
  <DCS_ID>
    <ExportID>32</ExportID>
    <Description>Lamp Laser Warning System LampAzimuth_LowerHemisphere</Description>
    <ExportIDWithDescription>32 - Lamp Laser Warning System LampAzimuth_LowerHemisphere</ExportIDWithDescription>
    <Type>Lamp</Type>
  </DCS_ID>
  <DCS_ID>
    <ExportID>33</ExportID>
    <Description>Lamp Laser Warning System LampAzimuth_LaserRangefinder</Description>
    <ExportIDWithDescription>33 - Lamp Laser Warning System LampAzimuth_LaserRangefinder</ExportIDWithDescription>
    <Type>Lamp</Type>
  </DCS_ID>
  <DCS_ID>
    <ExportID>34</ExportID>
    <Description>Lamp Laser Warning System LampAzimuth_LaserTargetingSystem</Description>
    <ExportIDWithDescription>34 - Lamp Laser Warning System LampAzimuth_LaserTargetingSystem</ExportIDWithDescription>
    <Type>Lamp</Type>
  </DCS_ID>
  <DCS_ID>
    <ExportID>582</ExportID>
    <Description>Lamp Laser Warning System LampReady</Description>
    <ExportIDWithDescription>582 - Lamp Laser Warning System LampReady</ExportIDWithDescription>
    <Type>Lamp</Type>
  </DCS_ID>
  <DCS_ID>
    <ExportID>541</ExportID>
    <Description>Lamp UV26 LeftBoard</Description>
    <ExportIDWithDescription>541 - Lamp UV26 LeftBoard</ExportIDWithDescription>
    <Type>Lamp</Type>
  </DCS_ID>
  <DCS_ID>
    <ExportID>542</ExportID>
    <Description>Lamp UV26 RightBoard</Description>
    <ExportIDWithDescription>542 - Lamp UV26 RightBoard</ExportIDWithDescription>
    <Type>Lamp</Type>
  </DCS_ID>
  <DCS_ID>
    <ExportID>315</ExportID>
    <Description>Lamp PVI_button_WPT</Description>
    <ExportIDWithDescription>315 - Lamp PVI_button_WPT</ExportIDWithDescription>
    <Type>Lamp</Type>
  </DCS_ID>
  <DCS_ID>
    <ExportID>519</ExportID>
    <Description>Lamp PVI_button_INSREALN</Description>
    <ExportIDWithDescription>519 - Lamp PVI_button_INSREALN</ExportIDWithDescription>
    <Type>Lamp</Type>
  </DCS_ID>
  <DCS_ID>
    <ExportID>316</ExportID>
    <Description>Lamp PVI_button_FIXPT</Description>
    <ExportIDWithDescription>316 - Lamp PVI_button_FIXPT</ExportIDWithDescription>
    <Type>Lamp</Type>
  </DCS_ID>
  <DCS_ID>
    <ExportID>520</ExportID>
    <Description>Lamp PVI_button_PRECALN</Description>
    <ExportIDWithDescription>520 - Lamp PVI_button_PRECALN</ExportIDWithDescription>
    <Type>Lamp</Type>
  </DCS_ID>
  <DCS_ID>
    <ExportID>317</ExportID>
    <Description>Lamp PVI_button_AERDR</Description>
    <ExportIDWithDescription>317 - Lamp PVI_button_AERDR</ExportIDWithDescription>
    <Type>Lamp</Type>
  </DCS_ID>
  <DCS_ID>
    <ExportID>521</ExportID>
    <Description>Lamp PVI_button_NORMALN</Description>
    <ExportIDWithDescription>521 - Lamp PVI_button_NORMALN</ExportIDWithDescription>
    <Type>Lamp</Type>
  </DCS_ID>
  <DCS_ID>
    <ExportID>318</ExportID>
    <Description>Lamp PVI_button_TGT</Description>
    <ExportIDWithDescription>318 - Lamp PVI_button_TGT</ExportIDWithDescription>
    <Type>Lamp</Type>
  </DCS_ID>
  <DCS_ID>
    <ExportID>313</ExportID>
    <Description>Lamp PVI_button_ENTER</Description>
    <ExportIDWithDescription>313 - Lamp PVI_button_ENTER</ExportIDWithDescription>
    <Type>Lamp</Type>
  </DCS_ID>
  <DCS_ID>
    <ExportID>314</ExportID>
    <Description>Lamp PVI_button_CANCEL</Description>
    <ExportIDWithDescription>314 - Lamp PVI_button_CANCEL</ExportIDWithDescription>
    <Type>Lamp</Type>
  </DCS_ID>
  <DCS_ID>
    <ExportID>522</ExportID>
    <Description>Lamp PVI_button_INITCOORD</Description>
    <ExportIDWithDescription>522 - Lamp PVI_button_INITCOORD</ExportIDWithDescription>
    <Type>Lamp</Type>
  </DCS_ID>
  <DCS_ID>
    <ExportID>319</ExportID>
    <Description>Lamp PVI_button_FILAMBDA</Description>
    <ExportIDWithDescription>319 - Lamp PVI_button_FILAMBDA</ExportIDWithDescription>
    <Type>Lamp</Type>
  </DCS_ID>
  <DCS_ID>
    <ExportID>320</ExportID>
    <Description>Lamp PVI_button_FIZ</Description>
    <ExportIDWithDescription>320 - Lamp PVI_button_FIZ</ExportIDWithDescription>
    <Type>Lamp</Type>
  </DCS_ID>
  <DCS_ID>
    <ExportID>321</ExportID>
    <Description>Lamp PVI_button_DU</Description>
    <ExportIDWithDescription>321 - Lamp PVI_button_DU</ExportIDWithDescription>
    <Type>Lamp</Type>
  </DCS_ID>
  <DCS_ID>
    <ExportID>322</ExportID>
    <Description>Lamp PVI_button_FII</Description>
    <ExportIDWithDescription>322 - Lamp PVI_button_FII</ExportIDWithDescription>
    <Type>Lamp</Type>
  </DCS_ID>
  <DCS_ID>
    <ExportID>323</ExportID>
    <Description>Lamp PVI_button_BRGRNG</Description>
    <ExportIDWithDescription>323 - Lamp PVI_button_BRGRNG</ExportIDWithDescription>
    <Type>Lamp</Type>
  </DCS_ID>
  <DCS_ID>
    <ExportID>330</ExportID>
    <Description>Lamp PPR_button_K</Description>
    <ExportIDWithDescription>330 - Lamp PPR_button_K</ExportIDWithDescription>
    <Type>Lamp</Type>
  </DCS_ID>
  <DCS_ID>
    <ExportID>332</ExportID>
    <Description>Lamp PPR_button_H</Description>
    <ExportIDWithDescription>332 - Lamp PPR_button_H</ExportIDWithDescription>
    <Type>Lamp</Type>
  </DCS_ID>
  <DCS_ID>
    <ExportID>331</ExportID>
    <Description>Lamp PPR_button_T</Description>
    <ExportIDWithDescription>331 - Lamp PPR_button_T</ExportIDWithDescription>
    <Type>Lamp</Type>
  </DCS_ID>
  <DCS_ID>
    <ExportID>333</ExportID>
    <Description>Lamp PPR_button_B</Description>
    <ExportIDWithDescription>333 - Lamp PPR_button_B</ExportIDWithDescription>
    <Type>Lamp</Type>
  </DCS_ID>
  <DCS_ID>
    <ExportID>334</ExportID>
    <Description>Lamp PPR_button_DIR</Description>
    <ExportIDWithDescription>334 - Lamp PPR_button_DIR</ExportIDWithDescription>
    <Type>Lamp</Type>
  </DCS_ID>
  <DCS_ID>
    <ExportID>375</ExportID>
    <Description>Lamp R-828_Radio_ASU</Description>
    <ExportIDWithDescription>375 - Lamp Radio_ASU</ExportIDWithDescription>
    <Type>Lamp</Type>
  </DCS_ID>
  <DCS_ID>
    <ExportID>419</ExportID>
    <Description>Lamp R-800_Radio_Test</Description>
    <ExportIDWithDescription>419 - Lamp Radio_Test</ExportIDWithDescription>
    <Type>Lamp</Type>
  </DCS_ID>
  <DCS_ID>
    <ExportID>437</ExportID>
    <Description>Lamp WeaponInterface button_AUTO_TURN</Description>
    <ExportIDWithDescription>437 - Lamp WeaponInterface button_AUTO_TURN</ExportIDWithDescription>
    <Type>Lamp</Type>
  </DCS_ID>
  <DCS_ID>
    <ExportID>438</ExportID>
    <Description>Lamp WeaponInterface button_AIRBORNE_TARGET</Description>
    <ExportIDWithDescription>438 - Lamp WeaponInterface button_AIRBORNE_TARGET</ExportIDWithDescription>
    <Type>Lamp</Type>
  </DCS_ID>
  <DCS_ID>
    <ExportID>439</ExportID>
    <Description>Lamp WeaponInterface button_FORWARD_HEMISPHERE</Description>
    <ExportIDWithDescription>439 - Lamp WeaponInterface button_FORWARD_HEMISPHERE</ExportIDWithDescription>
    <Type>Lamp</Type>
  </DCS_ID>
  <DCS_ID>
    <ExportID>440</ExportID>
    <Description>Lamp WeaponInterface button_GROUND_MOVING_TARGET</Description>
    <ExportIDWithDescription>440 - Lamp WeaponInterface button_GROUND_MOVING_TARGET</ExportIDWithDescription>
    <Type>Lamp</Type>
  </DCS_ID>
  <DCS_ID>
    <ExportID>441</ExportID>
    <Description>Lamp WeaponInterface button_CLEAR</Description>
    <ExportIDWithDescription>441 - Lamp WeaponInterface button_CLEAR</ExportIDWithDescription>
    <Type>Lamp</Type>
  </DCS_ID>
  <DCS_ID>
    <ExportID>163</ExportID>
    <Description>Lamp EnginesStartValve</Description>
    <ExportIDWithDescription>163 - Lamp EnginesStartValve</ExportIDWithDescription>
    <Type>Lamp</Type>
  </DCS_ID>
  <DCS_ID>
    <ExportID>162</ExportID>
    <Description>Lamp APUValveOpen</Description>
    <ExportIDWithDescription>162 - Lamp APUValveOpen</ExportIDWithDescription>
    <Type>Lamp</Type>
  </DCS_ID>
  <DCS_ID>
    <ExportID>168</ExportID>
    <Description>Lamp APUOilPres</Description>
    <ExportIDWithDescription>168 - Lamp APUOilPres</ExportIDWithDescription>
    <Type>Lamp</Type>
  </DCS_ID>
  <DCS_ID>
    <ExportID>169</ExportID>
    <Description>Lamp APUStoppedByRPM</Description>
    <ExportIDWithDescription>169 - Lamp APUStoppedByRPM</ExportIDWithDescription>
    <Type>Lamp</Type>
  </DCS_ID>
  <DCS_ID>
    <ExportID>174</ExportID>
    <Description>Lamp APU_IsON</Description>
    <ExportIDWithDescription>174 - Lamp APU_IsON</ExportIDWithDescription>
    <Type>Lamp</Type>
  </DCS_ID>
  <DCS_ID>
    <ExportID>586</ExportID>
    <Description>Lamp AC_Ground_Power</Description>
    <ExportIDWithDescription>586 - Lamp AC_Ground_Power</ExportIDWithDescription>
    <Type>Lamp</Type>
  </DCS_ID>
  <DCS_ID>
    <ExportID>261</ExportID>
    <Description>Lamp DC_Ground_Power</Description>
    <ExportIDWithDescription>261 - Lamp DC_Ground_Power</ExportIDWithDescription>
    <Type>Lamp</Type>
  </DCS_ID>
  <DCS_ID>
    <ExportID>237</ExportID>
    <Description>Lamp Exting_LeftEngineFire</Description>
    <ExportIDWithDescription>237 - Lamp Exting_LeftEngineFire</ExportIDWithDescription>
    <Type>Lamp</Type>
  </DCS_ID>
  <DCS_ID>
    <ExportID>239</ExportID>
    <Description>Lamp Exting_APU_Fire</Description>
    <ExportIDWithDescription>239 - Lamp Exting_APU_Fire</ExportIDWithDescription>
    <Type>Lamp</Type>
  </DCS_ID>
  <DCS_ID>
    <ExportID>568</ExportID>
    <Description>Lamp Exting_HydraulicsFire</Description>
    <ExportIDWithDescription>568 - Lamp Exting_HydraulicsFire</ExportIDWithDescription>
    <Type>Lamp</Type>
  </DCS_ID>
  <DCS_ID>
    <ExportID>241</ExportID>
    <Description>Lamp Exting_RightEngineFire</Description>
    <ExportIDWithDescription>241 - Lamp Exting_RightEngineFire</ExportIDWithDescription>
    <Type>Lamp</Type>
  </DCS_ID>
  <DCS_ID>
    <ExportID>243</ExportID>
    <Description>Lamp Exting_VentilatorFire</Description>
    <ExportIDWithDescription>243 - Lamp Exting_VentilatorFire</ExportIDWithDescription>
    <Type>Lamp</Type>
  </DCS_ID>
  <DCS_ID>
    <ExportID>244</ExportID>
    <Description>Lamp Exting_Lamp1</Description>
    <ExportIDWithDescription>244 - Lamp Exting_Lamp1</ExportIDWithDescription>
    <Type>Lamp</Type>
  </DCS_ID>
  <DCS_ID>
    <ExportID>245</ExportID>
    <Description>Lamp Exting_Lamp2</Description>
    <ExportIDWithDescription>245 - Lamp Exting_Lamp2</ExportIDWithDescription>
    <Type>Lamp</Type>
  </DCS_ID>
  <DCS_ID>
    <ExportID>461</ExportID>
    <Description>Lamp EjectSystemTestLamp</Description>
    <ExportIDWithDescription>461 - Lamp EjectSystemTestLamp</ExportIDWithDescription>
    <Type>Lamp</Type>
  </DCS_ID>
  <DCS_ID>
    <ExportID>469</ExportID>
    <Description>Lamp flap_hydro_1</Description>
    <ExportIDWithDescription>469 - Lamp flap_hydro_1</ExportIDWithDescription>
    <Type>Lamp</Type>
  </DCS_ID>
  <DCS_ID>
    <ExportID>470</ExportID>
    <Description>Lamp flap_hydro_2</Description>
    <ExportIDWithDescription>470 - Lamp flap_hydro_2</ExportIDWithDescription>
    <Type>Lamp</Type>
  </DCS_ID>
  <DCS_ID>
    <ExportID>342</ExportID>
    <Description>Lamp PShK7_LampAuto</Description>
    <ExportIDWithDescription>342 - Lamp PShK7_LampAuto</ExportIDWithDescription>
    <Type>Lamp</Type>
  </DCS_ID>
  <DCS_ID>
    <ExportID>2000</ExportID>
    <Description>Display ARK_22 frequency</Description>
    <ExportIDWithDescription>2000 - Display ARK_22 frequency</ExportIDWithDescription>
    <Type>Lamp</Type>
  </DCS_ID>
  <DCS_ID>
    <ExportID>2001</ExportID>
    <Description>Display R_800 frequency</Description>
    <ExportIDWithDescription>2001 - Display R_800 frequency</ExportIDWithDescription>
    <Type>Lamp</Type>
  </DCS_ID>
  <DCS_ID>
    <ExportID>2002</ExportID>
    <Description>Display R_828 channel</Description>
    <ExportIDWithDescription>2002 - Display R_828 channel</ExportIDWithDescription>
    <Type>Lamp</Type>
  </DCS_ID>
  <DCS_ID>
    <ExportID>2003</ExportID>
    <Description>Display R_828 frequency</Description>
    <ExportIDWithDescription>2003 - Display R_828 frequency</ExportIDWithDescription>
    <Type>Lamp</Type>
  </DCS_ID>
  <DCS_ID>
    <ExportID>2005</ExportID>
    <Description>Display Station Count</Description>
    <ExportIDWithDescription>2005 - Display Station Count</ExportIDWithDescription>
    <Type>Lamp</Type>
  </DCS_ID>
  <DCS_ID>
    <ExportID>2006</ExportID>
    <Description>Display Cannon Ammo Count</Description>
    <ExportIDWithDescription>2006 - Display Cannon Ammo Count</ExportIDWithDescription>
    <Type>Lamp</Type>
  </DCS_ID>
  <DCS_ID>
    <ExportID>2007</ExportID>
    <Description>Display UV26</Description>
    <ExportIDWithDescription>2007 - Display UV26</ExportIDWithDescription>
    <Type>Lamp</Type>
  </DCS_ID>
  <DCS_ID>
    <ExportID>2008</ExportID>
    <Description>Display PVI-800 (upper row)</Description>
    <ExportIDWithDescription>2008 - Display PVI-800 (upper row)</ExportIDWithDescription>
    <Type>Lamp</Type>
  </DCS_ID>
  <DCS_ID>
    <ExportID>2009</ExportID>
    <Description>Display PVI-800 (lower row)</Description>
    <ExportIDWithDescription>2009 - Display PVI-800 (lower row)</ExportIDWithDescription>
    <Type>Lamp</Type>
  </DCS_ID>
  <DCS_ID>
    <ExportID>3000</ExportID>
    <Description>Display genericRadio Frequency</Description>
    <ExportIDWithDescription>3000 - Display genericRadio Frequency</ExportIDWithDescription>
    <Type>Lamp</Type>
  </DCS_ID>
  <DCS_ID>
    <ExportID>3010</ExportID>
    <Description>Lamp genericRadio aktive</Description>
    <ExportIDWithDescription>3010 - Lamp genericRadio aktive</ExportIDWithDescription>
    <Type>Lamp</Type>
  </DCS_ID>
  <DCS_ID>
    <ExportID>3011</ExportID>
    <Description>Lamp genericRadio FM/AM aktive or Autotune</Description>
    <ExportIDWithDescription>3011 - Lamp genericRadio FM/AM aktive or Autotune</ExportIDWithDescription>
    <Type>Lamp</Type>
  </DCS_ID>
  <Arcaze>
    <Arcaze>Arcaze V5.65 (000461000000)</Arcaze>
    <Active>true</Active>
    <ModulTypID>Arcaze USB</ModulTypID>
    <ArcazeAdressAndModulTyp />
  </Arcaze>
  <Clickabledata>
    <ID>0</ID>
    <DeviceID>2</DeviceID>
    <ButtonID>1</ButtonID>
    <Discription>DC ground power</Discription>
    <Type>Switch</Type>
  </Clickabledata>
  <Clickabledata>
    <ID>1</ID>
    <DeviceID>2</DeviceID>
    <ButtonID>3</ButtonID>
    <Discription>Battery 1</Discription>
    <Type>Switch</Type>
  </Clickabledata>
  <Clickabledata>
    <ID>2</ID>
    <DeviceID>2</DeviceID>
    <ButtonID>5</ButtonID>
    <Discription>Battery 2</Discription>
    <Type>Switch</Type>
  </Clickabledata>
  <Clickabledata>
    <ID>3</ID>
    <DeviceID>2</DeviceID>
    <ButtonID>7</ButtonID>
    <Discription>AC ground power</Discription>
    <Type>Switch</Type>
  </Clickabledata>
  <Clickabledata>
    <ID>4</ID>
    <DeviceID>2</DeviceID>
    <ButtonID>8</ButtonID>
    <Discription>AC left generator</Discription>
    <Type>Switch</Type>
  </Clickabledata>
  <Clickabledata>
    <ID>5</ID>
    <DeviceID>2</DeviceID>
    <ButtonID>9</ButtonID>
    <Discription>AC right generator</Discription>
    <Type>Switch</Type>
  </Clickabledata>
  <Clickabledata>
    <ID>6</ID>
    <DeviceID>2</DeviceID>
    <ButtonID>10</ButtonID>
    <Discription>DC/AC inverter</Discription>
    <Type>Switch</Type>
  </Clickabledata>
  <Clickabledata>
    <ID>7</ID>
    <DeviceID>3</DeviceID>
    <ButtonID>1</ButtonID>
    <Discription>Forward fuel tank pumps</Discription>
    <Type>Switch</Type>
  </Clickabledata>
  <Clickabledata>
    <ID>8</ID>
    <DeviceID>3</DeviceID>
    <ButtonID>2</ButtonID>
    <Discription>Rear fuel tank pumps</Discription>
    <Type>Switch</Type>
  </Clickabledata>
  <Clickabledata>
    <ID>9</ID>
    <DeviceID>3</DeviceID>
    <ButtonID>3</ButtonID>
    <Discription>Inner external fuel tanks pumps</Discription>
    <Type>Switch</Type>
  </Clickabledata>
  <Clickabledata>
    <ID>10</ID>
    <DeviceID>3</DeviceID>
    <ButtonID>4</ButtonID>
    <Discription>Outer external fuel tanks pumps</Discription>
    <Type>Switch</Type>
  </Clickabledata>
  <Clickabledata>
    <ID>11</ID>
    <DeviceID>3</DeviceID>
    <ButtonID>5</ButtonID>
    <Discription>Fuelmeter power</Discription>
    <Type>Switch</Type>
  </Clickabledata>
  <Clickabledata>
    <ID>12</ID>
    <DeviceID>3</DeviceID>
    <ButtonID>6</ButtonID>
    <Discription>Left engine fuel shutoff valve</Discription>
    <Type>Switch</Type>
  </Clickabledata>
  <Clickabledata>
    <ID>13</ID>
    <DeviceID>3</DeviceID>
    <ButtonID>8</ButtonID>
    <Discription>Right engine fuel shutoff valve</Discription>
    <Type>Switch</Type>
  </Clickabledata>
  <Clickabledata>
    <ID>14</ID>
    <DeviceID>3</DeviceID>
    <ButtonID>10</ButtonID>
    <Discription>APU fuel shutoff valve</Discription>
    <Type>Switch</Type>
  </Clickabledata>
  <Clickabledata>
    <ID>15</ID>
    <DeviceID>3</DeviceID>
    <ButtonID>12</ButtonID>
    <Discription>Fuel crossfeed valve</Discription>
    <Type>Switch</Type>
  </Clickabledata>
  <Clickabledata>
    <ID>16</ID>
    <DeviceID>3</DeviceID>
    <ButtonID>14</ButtonID>
    <Discription>Fuel quantity indicator self test button</Discription>
    <Type>Switch</Type>
  </Clickabledata>
  <Clickabledata>
    <ID>17</ID>
    <DeviceID>4</DeviceID>
    <ButtonID>1</ButtonID>
    <Discription>EEG Left engine Electronic Engine Governor</Discription>
    <Type>Switch</Type>
  </Clickabledata>
  <Clickabledata>
    <ID>18</ID>
    <DeviceID>4</DeviceID>
    <ButtonID>3</ButtonID>
    <Discription>EEG Right engine Electronic Engine Governor</Discription>
    <Type>Switch</Type>
  </Clickabledata>
  <Clickabledata>
    <ID>19</ID>
    <DeviceID>4</DeviceID>
    <ButtonID>16</ButtonID>
    <Discription>EEG gas generator test - Operate switch</Discription>
    <Type>Switch</Type>
  </Clickabledata>
  <Clickabledata>
    <ID>20</ID>
    <DeviceID>4</DeviceID>
    <ButtonID>17</ButtonID>
    <Discription>EEG power turbine channel 1 test - Operate - EEG power turbine channel 2 test, three-switch contactor</Discription>
    <Type>Switch</Type>
  </Clickabledata>
  <Clickabledata>
    <ID>21</ID>
    <DeviceID>4</DeviceID>
    <ButtonID>19</ButtonID>
    <Discription>Left EGT control threshold governor button</Discription>
    <Type>Switch</Type>
  </Clickabledata>
  <Clickabledata>
    <ID>22</ID>
    <DeviceID>4</DeviceID>
    <ButtonID>20</ButtonID>
    <Discription>Right EGT control threshold governor button</Discription>
    <Type>Switch</Type>
  </Clickabledata>
  <Clickabledata>
    <ID>23</ID>
    <DeviceID>4</DeviceID>
    <ButtonID>21</ButtonID>
    <Discription>Engines vibrations monitoring system control button</Discription>
    <Type>Switch</Type>
  </Clickabledata>
  <Clickabledata>
    <ID>24</ID>
    <DeviceID>5</DeviceID>
    <ButtonID>1</ButtonID>
    <Discription>Main hydraulics</Discription>
    <Type>Switch</Type>
  </Clickabledata>
  <Clickabledata>
    <ID>25</ID>
    <DeviceID>6</DeviceID>
    <ButtonID>1</ButtonID>
    <Discription>Ejecting system - power 1</Discription>
    <Type>Switch</Type>
  </Clickabledata>
  <Clickabledata>
    <ID>26</ID>
    <DeviceID>6</DeviceID>
    <ButtonID>2</ButtonID>
    <Discription>Ejecting system - power 2</Discription>
    <Type>Switch</Type>
  </Clickabledata>
  <Clickabledata>
    <ID>27</ID>
    <DeviceID>6</DeviceID>
    <ButtonID>3</ButtonID>
    <Discription>Ejecting system - power 3</Discription>
    <Type>Switch</Type>
  </Clickabledata>
  <Clickabledata>
    <ID>28</ID>
    <DeviceID>6</DeviceID>
    <ButtonID>5</ButtonID>
    <Discription>Ejecting system - circuit selector</Discription>
    <Type>Switch</Type>
  </Clickabledata>
  <Clickabledata>
    <ID>29</ID>
    <DeviceID>6</DeviceID>
    <ButtonID>6</ButtonID>
    <Discription>Ejecting system - circuit test</Discription>
    <Type>Switch</Type>
  </Clickabledata>
  <Clickabledata>
    <ID>30</ID>
    <DeviceID>7</DeviceID>
    <ButtonID>1</ButtonID>
    <Discription>HUD - Brightness(rotary))</Discription>
    <Type>Switch</Type>
  </Clickabledata>
  <Clickabledata>
    <ID>31</ID>
    <DeviceID>7</DeviceID>
    <ButtonID>2</ButtonID>
    <Discription>HUD - Modes Reticle/Night/Day</Discription>
    <Type>Switch</Type>
  </Clickabledata>
  <Clickabledata>
    <ID>32</ID>
    <DeviceID>7</DeviceID>
    <ButtonID>3</ButtonID>
    <Discription>HUD - Test</Discription>
    <Type>Switch</Type>
  </Clickabledata>
  <Clickabledata>
    <ID>33</ID>
    <DeviceID>7</DeviceID>
    <ButtonID>4</ButtonID>
    <Discription>HUD - Filter</Discription>
    <Type>Switch</Type>
  </Clickabledata>
  <Clickabledata>
    <ID>34</ID>
    <DeviceID>8</DeviceID>
    <ButtonID>1</ButtonID>
    <Discription>IT-23 - Black-White indication switch</Discription>
    <Type>Switch</Type>
  </Clickabledata>
  <Clickabledata>
    <ID>35</ID>
    <DeviceID>8</DeviceID>
    <ButtonID>2</ButtonID>
    <Discription>IT-23 - display brightness (rotary)</Discription>
    <Type>Switch</Type>
  </Clickabledata>
  <Clickabledata>
    <ID>36</ID>
    <DeviceID>8</DeviceID>
    <ButtonID>3</ButtonID>
    <Discription>IT-23 - display contrast(rotary)</Discription>
    <Type>Switch</Type>
  </Clickabledata>
  <Clickabledata>
    <ID>37</ID>
    <DeviceID>8</DeviceID>
    <ButtonID>5</ButtonID>
    <Discription>IT-23 - SHKVAL Optics adjustment</Discription>
    <Type>Switch</Type>
  </Clickabledata>
  <Clickabledata>
    <ID>38</ID>
    <DeviceID>9</DeviceID>
    <ButtonID>1</ButtonID>
    <Discription>ABRIS - Pushbutton 1</Discription>
    <Type>Switch</Type>
  </Clickabledata>
  <Clickabledata>
    <ID>39</ID>
    <DeviceID>9</DeviceID>
    <ButtonID>2</ButtonID>
    <Discription>ABRIS - Pushbutton 2</Discription>
    <Type>Switch</Type>
  </Clickabledata>
  <Clickabledata>
    <ID>40</ID>
    <DeviceID>9</DeviceID>
    <ButtonID>3</ButtonID>
    <Discription>ABRIS - Pushbutton 3</Discription>
    <Type>Switch</Type>
  </Clickabledata>
  <Clickabledata>
    <ID>41</ID>
    <DeviceID>9</DeviceID>
    <ButtonID>4</ButtonID>
    <Discription>ABRIS - Pushbutton 4</Discription>
    <Type>Switch</Type>
  </Clickabledata>
  <Clickabledata>
    <ID>42</ID>
    <DeviceID>9</DeviceID>
    <ButtonID>5</ButtonID>
    <Discription>ABRIS - Pushbutton 5</Discription>
    <Type>Switch</Type>
  </Clickabledata>
  <Clickabledata>
    <ID>43</ID>
    <DeviceID>9</DeviceID>
    <ButtonID>6</ButtonID>
    <Discription>ABRIS - Cursor control (rotary)</Discription>
    <Type>Switch</Type>
  </Clickabledata>
  <Clickabledata>
    <ID>44</ID>
    <DeviceID>9</DeviceID>
    <ButtonID>7</ButtonID>
    <Discription>ABRIS - Cursor control (push)</Discription>
    <Type>Switch</Type>
  </Clickabledata>
  <Clickabledata>
    <ID>45</ID>
    <DeviceID>9</DeviceID>
    <ButtonID>8</ButtonID>
    <Discription>ABRIS - Brightness (rotary)</Discription>
    <Type>Switch</Type>
  </Clickabledata>
  <Clickabledata>
    <ID>46</ID>
    <DeviceID>9</DeviceID>
    <ButtonID>9</ButtonID>
    <Discription>ABRIS - Power</Discription>
    <Type>Switch</Type>
  </Clickabledata>
  <Clickabledata>
    <ID>47</ID>
    <DeviceID>11</DeviceID>
    <ButtonID>1</ButtonID>
    <Discription>Laser standby ON/OFF switch</Discription>
    <Type>Switch</Type>
  </Clickabledata>
  <Clickabledata>
    <ID>48</ID>
    <DeviceID>12</DeviceID>
    <ButtonID>18</ButtonID>
    <Discription>Weapons control system</Discription>
    <Type>Switch</Type>
  </Clickabledata>
  <Clickabledata>
    <ID>49</ID>
    <DeviceID>12</DeviceID>
    <ButtonID>1</ButtonID>
    <Discription>PUI800 - Master Arm</Discription>
    <Type>Switch</Type>
  </Clickabledata>
  <Clickabledata>
    <ID>50</ID>
    <DeviceID>12</DeviceID>
    <ButtonID>3</ButtonID>
    <Discription>PUI800 - External stores jettison</Discription>
    <Type>Switch</Type>
  </Clickabledata>
  <Clickabledata>
    <ID>51</ID>
    <DeviceID>12</DeviceID>
    <ButtonID>22</ButtonID>
    <Discription>PUI800 - Jettison arm mode - arm fuse/disarm fuse</Discription>
    <Type>Switch</Type>
  </Clickabledata>
  <Clickabledata>
    <ID>52</ID>
    <DeviceID>12</DeviceID>
    <ButtonID>5</ButtonID>
    <Discription>PUI800 - Manual/Auto weapon system control switch</Discription>
    <Type>Switch</Type>
  </Clickabledata>
  <Clickabledata>
    <ID>53</ID>
    <DeviceID>12</DeviceID>
    <ButtonID>6</ButtonID>
    <Discription>PUI800 - Cannon round selector switch HE/AP</Discription>
    <Type>Switch</Type>
  </Clickabledata>
  <Clickabledata>
    <ID>54</ID>
    <DeviceID>12</DeviceID>
    <ButtonID>4</ButtonID>
    <Discription>PUI800 - Weapon mode switch - Burst Length</Discription>
    <Type>Switch</Type>
  </Clickabledata>
  <Clickabledata>
    <ID>55</ID>
    <DeviceID>12</DeviceID>
    <ButtonID>20</ButtonID>
    <Discription>PUI800 - Cannon rate of fire setting</Discription>
    <Type>Switch</Type>
  </Clickabledata>
  <Clickabledata>
    <ID>56</ID>
    <DeviceID>12</DeviceID>
    <ButtonID>21</ButtonID>
    <Discription>PUI800 - Expedite emergency ATGM launch</Discription>
    <Type>Switch</Type>
  </Clickabledata>
  <Clickabledata>
    <ID>57</ID>
    <DeviceID>12</DeviceID>
    <ButtonID>7</ButtonID>
    <Discription>Laser code selector</Discription>
    <Type>Switch</Type>
  </Clickabledata>
  <Clickabledata>
    <ID>58</ID>
    <DeviceID>12</DeviceID>
    <ButtonID>23</ButtonID>
    <Discription>Unguided rocket and gun pods ballistics data settings selector</Discription>
    <Type>Switch</Type>
  </Clickabledata>
  <Clickabledata>
    <ID>59</ID>
    <DeviceID>12</DeviceID>
    <ButtonID>9</ButtonID>
    <Discription>K-041 - Training mode</Discription>
    <Type>Switch</Type>
  </Clickabledata>
  <Clickabledata>
    <ID>60</ID>
    <DeviceID>12</DeviceID>
    <ButtonID>10</ButtonID>
    <Discription>K-041 - Automatic turn on target mode</Discription>
    <Type>Switch</Type>
  </Clickabledata>
  <Clickabledata>
    <ID>61</ID>
    <DeviceID>12</DeviceID>
    <ButtonID>11</ButtonID>
    <Discription>K-041 - Airborne Target</Discription>
    <Type>Switch</Type>
  </Clickabledata>
  <Clickabledata>
    <ID>62</ID>
    <DeviceID>12</DeviceID>
    <ButtonID>12</ButtonID>
    <Discription>K-041 - Forward hemisphere (head-on) air target aspect</Discription>
    <Type>Switch</Type>
  </Clickabledata>
  <Clickabledata>
    <ID>63</ID>
    <DeviceID>12</DeviceID>
    <ButtonID>13</ButtonID>
    <Discription>K-041 - Ground moving target</Discription>
    <Type>Switch</Type>
  </Clickabledata>
  <Clickabledata>
    <ID>64</ID>
    <DeviceID>12</DeviceID>
    <ButtonID>14</ButtonID>
    <Discription>K-041 - Weapon system mode selector (left rotation) or (or value 0.0 to 0.4)</Discription>
    <Type>Switch</Type>
  </Clickabledata>
  <Clickabledata>
    <ID>65</ID>
    <DeviceID>12</DeviceID>
    <ButtonID>15</ButtonID>
    <Discription>K-041 - Weapon system mode selector (right rotation)</Discription>
    <Type>Switch</Type>
  </Clickabledata>
  <Clickabledata>
    <ID>66</ID>
    <DeviceID>12</DeviceID>
    <ButtonID>16</ButtonID>
    <Discription>K-041 - Targeting mode reset</Discription>
    <Type>Switch</Type>
  </Clickabledata>
  <Clickabledata>
    <ID>67</ID>
    <DeviceID>12</DeviceID>
    <ButtonID>17</ButtonID>
    <Discription>K-041 - Automatic Tracking / gun sight</Discription>
    <Type>Switch</Type>
  </Clickabledata>
  <Clickabledata>
    <ID>68</ID>
    <DeviceID>13</DeviceID>
    <ButtonID>1</ButtonID>
    <Discription>Voice message system messages off</Discription>
    <Type>Switch</Type>
  </Clickabledata>
  <Clickabledata>
    <ID>69</ID>
    <DeviceID>13</DeviceID>
    <ButtonID>2</ButtonID>
    <Discription>Voice message system emergency on</Discription>
    <Type>Switch</Type>
  </Clickabledata>
  <Clickabledata>
    <ID>70</ID>
    <DeviceID>13</DeviceID>
    <ButtonID>3</ButtonID>
    <Discription>Voice message system messages repeat</Discription>
    <Type>Switch</Type>
  </Clickabledata>
  <Clickabledata>
    <ID>71</ID>
    <DeviceID>13</DeviceID>
    <ButtonID>4</ButtonID>
    <Discription>Voice message system check</Discription>
    <Type>Switch</Type>
  </Clickabledata>
  <Clickabledata>
    <ID>72</ID>
    <DeviceID>14</DeviceID>
    <ButtonID>1</ButtonID>
    <Discription>Master caution push-light</Discription>
    <Type>Switch</Type>
  </Clickabledata>
  <Clickabledata>
    <ID>73</ID>
    <DeviceID>14</DeviceID>
    <ButtonID>2</ButtonID>
    <Discription>Lamps test</Discription>
    <Type>Switch</Type>
  </Clickabledata>
  <Clickabledata>
    <ID>74</ID>
    <DeviceID>14</DeviceID>
    <ButtonID>3</ButtonID>
    <Discription>Rotor RPM warning push-light</Discription>
    <Type>Switch</Type>
  </Clickabledata>
  <Clickabledata>
    <ID>75</ID>
    <DeviceID>14</DeviceID>
    <ButtonID>4</ButtonID>
    <Discription>MWS operation mode (not functional)</Discription>
    <Type>Switch</Type>
  </Clickabledata>
  <Clickabledata>
    <ID>76</ID>
    <DeviceID>15</DeviceID>
    <ButtonID>1</ButtonID>
    <Discription>INU Power switch</Discription>
    <Type>Switch</Type>
  </Clickabledata>
  <Clickabledata>
    <ID>77</ID>
    <DeviceID>15</DeviceID>
    <ButtonID>2</ButtonID>
    <Discription>INU Heater switch</Discription>
    <Type>Switch</Type>
  </Clickabledata>
  <Clickabledata>
    <ID>78</ID>
    <DeviceID>20</DeviceID>
    <ButtonID>1</ButtonID>
    <Discription>NAV '0' Btn</Discription>
    <Type>Switch</Type>
  </Clickabledata>
  <Clickabledata>
    <ID>79</ID>
    <DeviceID>20</DeviceID>
    <ButtonID>2</ButtonID>
    <Discription>NAV '1' Btn</Discription>
    <Type>Switch</Type>
  </Clickabledata>
  <Clickabledata>
    <ID>80</ID>
    <DeviceID>20</DeviceID>
    <ButtonID>3</ButtonID>
    <Discription>NAV '2' Btn</Discription>
    <Type>Switch</Type>
  </Clickabledata>
  <Clickabledata>
    <ID>81</ID>
    <DeviceID>20</DeviceID>
    <ButtonID>4</ButtonID>
    <Discription>NAV '3' Btn</Discription>
    <Type>Switch</Type>
  </Clickabledata>
  <Clickabledata>
    <ID>82</ID>
    <DeviceID>20</DeviceID>
    <ButtonID>5</ButtonID>
    <Discription>NAV '4' Btn</Discription>
    <Type>Switch</Type>
  </Clickabledata>
  <Clickabledata>
    <ID>83</ID>
    <DeviceID>20</DeviceID>
    <ButtonID>6</ButtonID>
    <Discription>NAV '5' Btn</Discription>
    <Type>Switch</Type>
  </Clickabledata>
  <Clickabledata>
    <ID>84</ID>
    <DeviceID>20</DeviceID>
    <ButtonID>7</ButtonID>
    <Discription>NAV '6' Btn</Discription>
    <Type>Switch</Type>
  </Clickabledata>
  <Clickabledata>
    <ID>85</ID>
    <DeviceID>20</DeviceID>
    <ButtonID>8</ButtonID>
    <Discription>NAV '7' Btn</Discription>
    <Type>Switch</Type>
  </Clickabledata>
  <Clickabledata>
    <ID>86</ID>
    <DeviceID>20</DeviceID>
    <ButtonID>9</ButtonID>
    <Discription>NAV '8' Btn</Discription>
    <Type>Switch</Type>
  </Clickabledata>
  <Clickabledata>
    <ID>87</ID>
    <DeviceID>20</DeviceID>
    <ButtonID>10</ButtonID>
    <Discription>NAV '9' Btn</Discription>
    <Type>Switch</Type>
  </Clickabledata>
  <Clickabledata>
    <ID>88</ID>
    <DeviceID>20</DeviceID>
    <ButtonID>11</ButtonID>
    <Discription>NAV Waypoints</Discription>
    <Type>Switch</Type>
  </Clickabledata>
  <Clickabledata>
    <ID>89</ID>
    <DeviceID>20</DeviceID>
    <ButtonID>12</ButtonID>
    <Discription>NAV Inflight INU Realignment</Discription>
    <Type>Switch</Type>
  </Clickabledata>
  <Clickabledata>
    <ID>90</ID>
    <DeviceID>20</DeviceID>
    <ButtonID>13</ButtonID>
    <Discription>NAV Fixpoints</Discription>
    <Type>Switch</Type>
  </Clickabledata>
  <Clickabledata>
    <ID>91</ID>
    <DeviceID>20</DeviceID>
    <ButtonID>14</ButtonID>
    <Discription>NAV Precise INU Alignment</Discription>
    <Type>Switch</Type>
  </Clickabledata>
  <Clickabledata>
    <ID>92</ID>
    <DeviceID>20</DeviceID>
    <ButtonID>15</ButtonID>
    <Discription>NAV Airfields</Discription>
    <Type>Switch</Type>
  </Clickabledata>
  <Clickabledata>
    <ID>93</ID>
    <DeviceID>20</DeviceID>
    <ButtonID>16</ButtonID>
    <Discription>NAV Normal INU Alignment</Discription>
    <Type>Switch</Type>
  </Clickabledata>
  <Clickabledata>
    <ID>94</ID>
    <DeviceID>20</DeviceID>
    <ButtonID>17</ButtonID>
    <Discription>NAV Targets</Discription>
    <Type>Switch</Type>
  </Clickabledata>
  <Clickabledata>
    <ID>95</ID>
    <DeviceID>20</DeviceID>
    <ButtonID>18</ButtonID>
    <Discription>NAV Enter</Discription>
    <Type>Switch</Type>
  </Clickabledata>
  <Clickabledata>
    <ID>96</ID>
    <DeviceID>20</DeviceID>
    <ButtonID>19</ButtonID>
    <Discription>NAV Cancel</Discription>
    <Type>Switch</Type>
  </Clickabledata>
  <Clickabledata>
    <ID>97</ID>
    <DeviceID>20</DeviceID>
    <ButtonID>20</ButtonID>
    <Discription>NAV Initial Nav Pos</Discription>
    <Type>Switch</Type>
  </Clickabledata>
  <Clickabledata>
    <ID>98</ID>
    <DeviceID>20</DeviceID>
    <ButtonID>21</ButtonID>
    <Discription>NAV Self coordinates</Discription>
    <Type>Switch</Type>
  </Clickabledata>
  <Clickabledata>
    <ID>99</ID>
    <DeviceID>20</DeviceID>
    <ButtonID>22</ButtonID>
    <Discription>NAV Course:Course Deviation/Time/Range to WPT</Discription>
    <Type>Switch</Type>
  </Clickabledata>
  <Clickabledata>
    <ID>100</ID>
    <DeviceID>20</DeviceID>
    <ButtonID>23</ButtonID>
    <Discription>NAV Wind Heading/Speed</Discription>
    <Type>Switch</Type>
  </Clickabledata>
  <Clickabledata>
    <ID>101</ID>
    <DeviceID>20</DeviceID>
    <ButtonID>24</ButtonID>
    <Discription>NAV True Heading/Time/Range to final WPT</Discription>
    <Type>Switch</Type>
  </Clickabledata>
  <Clickabledata>
    <ID>102</ID>
    <DeviceID>20</DeviceID>
    <ButtonID>25</ButtonID>
    <Discription>NAV Bearing/Range to target</Discription>
    <Type>Switch</Type>
  </Clickabledata>
  <Clickabledata>
    <ID>103</ID>
    <DeviceID>20</DeviceID>
    <ButtonID>26</ButtonID>
    <Discription>NAV Master modes</Discription>
    <Type>Switch</Type>
  </Clickabledata>
  <Clickabledata>
    <ID>104</ID>
    <DeviceID>20</DeviceID>
    <ButtonID>27</ButtonID>
    <Discription>NAV INU fixtaking method</Discription>
    <Type>Switch</Type>
  </Clickabledata>
  <Clickabledata>
    <ID>105</ID>
    <DeviceID>20</DeviceID>
    <ButtonID>28</ButtonID>
    <Discription>NAV Datalink power</Discription>
    <Type>Switch</Type>
  </Clickabledata>
  <Clickabledata>
    <ID>106</ID>
    <DeviceID>20</DeviceID>
    <ButtonID>29</ButtonID>
    <Discription>NAV Brightness</Discription>
    <Type>Switch</Type>
  </Clickabledata>
  <Clickabledata>
    <ID>107</ID>
    <DeviceID>22</DeviceID>
    <ButtonID>1</ButtonID>
    <Discription>CMD Select Left/Both/Right board flares dispensers 1</Discription>
    <Type>Switch</Type>
  </Clickabledata>
  <Clickabledata>
    <ID>108</ID>
    <DeviceID>22</DeviceID>
    <ButtonID>2</ButtonID>
    <Discription>CMD Select Left/Both/Right board flares dispensers 2</Discription>
    <Type>Switch</Type>
  </Clickabledata>
  <Clickabledata>
    <ID>109</ID>
    <DeviceID>22</DeviceID>
    <ButtonID>3</ButtonID>
    <Discription>CMD Amount flares counter/Programming</Discription>
    <Type>Switch</Type>
  </Clickabledata>
  <Clickabledata>
    <ID>110</ID>
    <DeviceID>22</DeviceID>
    <ButtonID>4</ButtonID>
    <Discription>CMD Num of sequences</Discription>
    <Type>Switch</Type>
  </Clickabledata>
  <Clickabledata>
    <ID>111</ID>
    <DeviceID>22</DeviceID>
    <ButtonID>5</ButtonID>
    <Discription>CMD Num in sequence</Discription>
    <Type>Switch</Type>
  </Clickabledata>
  <Clickabledata>
    <ID>112</ID>
    <DeviceID>22</DeviceID>
    <ButtonID>6</ButtonID>
    <Discription>CMD Dispense interval</Discription>
    <Type>Switch</Type>
  </Clickabledata>
  <Clickabledata>
    <ID>113</ID>
    <DeviceID>22</DeviceID>
    <ButtonID>7</ButtonID>
    <Discription>CMD Start dispense</Discription>
    <Type>Switch</Type>
  </Clickabledata>
  <Clickabledata>
    <ID>114</ID>
    <DeviceID>22</DeviceID>
    <ButtonID>8</ButtonID>
    <Discription>CMD Reset to default program</Discription>
    <Type>Switch</Type>
  </Clickabledata>
  <Clickabledata>
    <ID>115</ID>
    <DeviceID>22</DeviceID>
    <ButtonID>9</ButtonID>
    <Discription>CMD Stop dispense</Discription>
    <Type>Switch</Type>
  </Clickabledata>
  <Clickabledata>
    <ID>116</ID>
    <DeviceID>22</DeviceID>
    <ButtonID>10</ButtonID>
    <Discription>CMD Power</Discription>
    <Type>Switch</Type>
  </Clickabledata>
  <Clickabledata>
    <ID>117</ID>
    <DeviceID>22</DeviceID>
    <ButtonID>11</ButtonID>
    <Discription>CMD BIT</Discription>
    <Type>Switch</Type>
  </Clickabledata>
  <Clickabledata>
    <ID>118</ID>
    <DeviceID>23</DeviceID>
    <ButtonID>1</ButtonID>
    <Discription>Helmet device brightness</Discription>
    <Type>Switch</Type>
  </Clickabledata>
  <Clickabledata>
    <ID>119</ID>
    <DeviceID>23</DeviceID>
    <ButtonID>2</ButtonID>
    <Discription>Helmet-mounted sight system power switch</Discription>
    <Type>Switch</Type>
  </Clickabledata>
  <Clickabledata>
    <ID>120</ID>
    <DeviceID>25</DeviceID>
    <ButtonID>17</ButtonID>
    <Discription>"Radio equipment datalink TLK power switch</Discription>
    <Type>Switch</Type>
  </Clickabledata>
  <Clickabledata>
    <ID>121</ID>
    <DeviceID>25</DeviceID>
    <ButtonID>18</ButtonID>
    <Discription>Radio equipment datalink UHF TLK power switch</Discription>
    <Type>Switch</Type>
  </Clickabledata>
  <Clickabledata>
    <ID>122</ID>
    <DeviceID>0</DeviceID>
    <ButtonID>7</ButtonID>
    <Discription>Radio equipment datalink SA-TLF power switch</Discription>
    <Type>Switch</Type>
  </Clickabledata>
  <Clickabledata>
    <ID>123</ID>
    <DeviceID>25</DeviceID>
    <ButtonID>16</ButtonID>
    <Discription>NAV Datalink power</Discription>
    <Type>Switch</Type>
  </Clickabledata>
  <Clickabledata>
    <ID>124</ID>
    <DeviceID>25</DeviceID>
    <ButtonID>1</ButtonID>
    <Discription>DLNK Send/Memory</Discription>
    <Type>Switch</Type>
  </Clickabledata>
  <Clickabledata>
    <ID>125</ID>
    <DeviceID>25</DeviceID>
    <ButtonID>2</ButtonID>
    <Discription>DLNK Ingress to target</Discription>
    <Type>Switch</Type>
  </Clickabledata>
  <Clickabledata>
    <ID>126</ID>
    <DeviceID>25</DeviceID>
    <ButtonID>3</ButtonID>
    <Discription>DLNK Erase</Discription>
    <Type>Switch</Type>
  </Clickabledata>
  <Clickabledata>
    <ID>127</ID>
    <DeviceID>25</DeviceID>
    <ButtonID>5</ButtonID>
    <Discription>DLNK to ALL</Discription>
    <Type>Switch</Type>
  </Clickabledata>
  <Clickabledata>
    <ID>128</ID>
    <DeviceID>25</DeviceID>
    <ButtonID>6</ButtonID>
    <Discription>DLNK to Wingman 1</Discription>
    <Type>Switch</Type>
  </Clickabledata>
  <Clickabledata>
    <ID>129</ID>
    <DeviceID>25</DeviceID>
    <ButtonID>7</ButtonID>
    <Discription>DLNK to Wingman 2</Discription>
    <Type>Switch</Type>
  </Clickabledata>
  <Clickabledata>
    <ID>130</ID>
    <DeviceID>25</DeviceID>
    <ButtonID>8</ButtonID>
    <Discription>DLNK to Wingman 3</Discription>
    <Type>Switch</Type>
  </Clickabledata>
  <Clickabledata>
    <ID>131</ID>
    <DeviceID>25</DeviceID>
    <ButtonID>9</ButtonID>
    <Discription>DLNK to Wingman 4</Discription>
    <Type>Switch</Type>
  </Clickabledata>
  <Clickabledata>
    <ID>132</ID>
    <DeviceID>25</DeviceID>
    <ButtonID>10</ButtonID>
    <Discription>DLNK Target #1/Vehicle</Discription>
    <Type>Switch</Type>
  </Clickabledata>
  <Clickabledata>
    <ID>133</ID>
    <DeviceID>25</DeviceID>
    <ButtonID>11</ButtonID>
    <Discription>DLNK Target #2/SAM</Discription>
    <Type>Switch</Type>
  </Clickabledata>
  <Clickabledata>
    <ID>134</ID>
    <DeviceID>25</DeviceID>
    <ButtonID>12</ButtonID>
    <Discription>DLNK Target #3/Other Type</Discription>
    <Type>Switch</Type>
  </Clickabledata>
  <Clickabledata>
    <ID>135</ID>
    <DeviceID>25</DeviceID>
    <ButtonID>13</ButtonID>
    <Discription>DLNK Ingress point</Discription>
    <Type>Switch</Type>
  </Clickabledata>
  <Clickabledata>
    <ID>136</ID>
    <DeviceID>25</DeviceID>
    <ButtonID>14</ButtonID>
    <Discription>Datalink self ID</Discription>
    <Type>Switch</Type>
  </Clickabledata>
  <Clickabledata>
    <ID>137</ID>
    <DeviceID>25</DeviceID>
    <ButtonID>15</ButtonID>
    <Discription>Datalink Master mode</Discription>
    <Type>Switch</Type>
  </Clickabledata>
  <Clickabledata>
    <ID>138</ID>
    <DeviceID>28</DeviceID>
    <ButtonID>1</ButtonID>
    <Discription>Gyro/Mag/Manual heading 1</Discription>
    <Type>Switch</Type>
  </Clickabledata>
  <Clickabledata>
    <ID>139</ID>
    <DeviceID>28</DeviceID>
    <ButtonID>2</ButtonID>
    <Discription>Gyro/Mag/Manual heading 2</Discription>
    <Type>Switch</Type>
  </Clickabledata>
  <Clickabledata>
    <ID>140</ID>
    <DeviceID>28</DeviceID>
    <ButtonID>3</ButtonID>
    <Discription>Autopilot Desired heading - Desired track</Discription>
    <Type>Switch</Type>
  </Clickabledata>
  <Clickabledata>
    <ID>141</ID>
    <DeviceID>29</DeviceID>
    <ButtonID>1</ButtonID>
    <Discription>Mech clock left lever</Discription>
    <Type>Switch</Type>
  </Clickabledata>
  <Clickabledata>
    <ID>142</ID>
    <DeviceID>30</DeviceID>
    <ButtonID>2</ButtonID>
    <Discription>Mech clock left lever</Discription>
    <Type>Switch</Type>
  </Clickabledata>
  <Clickabledata>
    <ID>143</ID>
    <DeviceID>31</DeviceID>
    <ButtonID>3</ButtonID>
    <Discription>Mech clock left lever (rotary)</Discription>
    <Type>Switch</Type>
  </Clickabledata>
  <Clickabledata>
    <ID>144</ID>
    <DeviceID>32</DeviceID>
    <ButtonID>4</ButtonID>
    <Discription>Mech clock right lever</Discription>
    <Type>Switch</Type>
  </Clickabledata>
  <Clickabledata>
    <ID>145</ID>
    <DeviceID>33</DeviceID>
    <ButtonID>5</ButtonID>
    <Discription>Mech clock right lever (rotary)</Discription>
    <Type>Switch</Type>
  </Clickabledata>
  <Clickabledata>
    <ID>146</ID>
    <DeviceID>30</DeviceID>
    <ButtonID>1</ButtonID>
    <Discription>HSI Commanded course rotary</Discription>
    <Type>Switch</Type>
  </Clickabledata>
  <Clickabledata>
    <ID>147</ID>
    <DeviceID>30</DeviceID>
    <ButtonID>2</ButtonID>
    <Discription>HSI Commanded heading rotary</Discription>
    <Type>Switch</Type>
  </Clickabledata>
  <Clickabledata>
    <ID>148</ID>
    <DeviceID>30</DeviceID>
    <ButtonID>3</ButtonID>
    <Discription>HSI test</Discription>
    <Type>Switch</Type>
  </Clickabledata>
  <Clickabledata>
    <ID>149</ID>
    <DeviceID>30</DeviceID>
    <ButtonID>4</ButtonID>
    <Discription>HSI Desired track angle - Desired heading, Auto - Manual</Discription>
    <Type>Switch</Type>
  </Clickabledata>
  <Clickabledata>
    <ID>150</ID>
    <DeviceID>31</DeviceID>
    <ButtonID>1</ButtonID>
    <Discription>ADI Zero pitch trim (rotary)</Discription>
    <Type>Switch</Type>
  </Clickabledata>
  <Clickabledata>
    <ID>151</ID>
    <DeviceID>31</DeviceID>
    <ButtonID>3</ButtonID>
    <Discription>ADI Test</Discription>
    <Type>Switch</Type>
  </Clickabledata>
  <Clickabledata>
    <ID>152</ID>
    <DeviceID>32</DeviceID>
    <ButtonID>1</ButtonID>
    <Discription>ATGM Temperature selector</Discription>
    <Type>Switch</Type>
  </Clickabledata>
  <Clickabledata>
    <ID>153</ID>
    <DeviceID>32</DeviceID>
    <ButtonID>3</ButtonID>
    <Discription>Systems BIT selector</Discription>
    <Type>Switch</Type>
  </Clickabledata>
  <Clickabledata>
    <ID>154</ID>
    <DeviceID>32</DeviceID>
    <ButtonID>4</ButtonID>
    <Discription>Control computers BIT switch</Discription>
    <Type>Switch</Type>
  </Clickabledata>
  <Clickabledata>
    <ID>155</ID>
    <DeviceID>32</DeviceID>
    <ButtonID>7</ButtonID>
    <Discription>Self test system push-button</Discription>
    <Type>Switch</Type>
  </Clickabledata>
  <Clickabledata>
    <ID>156</ID>
    <DeviceID>32</DeviceID>
    <ButtonID>8</ButtonID>
    <Discription>Emergency INU alignment switch</Discription>
    <Type>Switch</Type>
  </Clickabledata>
  <Clickabledata>
    <ID>157</ID>
    <DeviceID>32</DeviceID>
    <ButtonID>9</ButtonID>
    <Discription>Stabilisation and indication of hanger cable switch</Discription>
    <Type>Switch</Type>
  </Clickabledata>
  <Clickabledata>
    <ID>158</ID>
    <DeviceID>32</DeviceID>
    <ButtonID>10</ButtonID>
    <Discription>Video Tape Recorder switch</Discription>
    <Type>Switch</Type>
  </Clickabledata>
  <Clickabledata>
    <ID>159</ID>
    <DeviceID>33</DeviceID>
    <ButtonID>1</ButtonID>
    <Discription>Autopilot Bank hold</Discription>
    <Type>Switch</Type>
  </Clickabledata>
  <Clickabledata>
    <ID>160</ID>
    <DeviceID>33</DeviceID>
    <ButtonID>2</ButtonID>
    <Discription>Autopilot Heading hold</Discription>
    <Type>Switch</Type>
  </Clickabledata>
  <Clickabledata>
    <ID>161</ID>
    <DeviceID>33</DeviceID>
    <ButtonID>3</ButtonID>
    <Discription>Autopilot Pitch hold</Discription>
    <Type>Switch</Type>
  </Clickabledata>
  <Clickabledata>
    <ID>162</ID>
    <DeviceID>33</DeviceID>
    <ButtonID>4</ButtonID>
    <Discription>Autopilot Altitude hold</Discription>
    <Type>Switch</Type>
  </Clickabledata>
  <Clickabledata>
    <ID>163</ID>
    <DeviceID>33</DeviceID>
    <ButtonID>5</ButtonID>
    <Discription>Autopilot Director control</Discription>
    <Type>Switch</Type>
  </Clickabledata>
  <Clickabledata>
    <ID>164</ID>
    <DeviceID>33</DeviceID>
    <ButtonID>6</ButtonID>
    <Discription>Autopilot BARO/RALT altitude hold mode</Discription>
    <Type>Switch</Type>
  </Clickabledata>
  <Clickabledata>
    <ID>165</ID>
    <DeviceID>34</DeviceID>
    <ButtonID>6</ButtonID>
    <Discription>Windshield wiper switch</Discription>
    <Type>Switch</Type>
  </Clickabledata>
  <Clickabledata>
    <ID>166</ID>
    <DeviceID>34</DeviceID>
    <ButtonID>7</ButtonID>
    <Discription>Windshield wiper switch</Discription>
    <Type>Switch</Type>
  </Clickabledata>
  <Clickabledata>
    <ID>167</ID>
    <DeviceID>0</DeviceID>
    <ButtonID>8</ButtonID>
    <Discription>Windshield washer fluid switch</Discription>
    <Type>Switch</Type>
  </Clickabledata>
  <Clickabledata>
    <ID>168</ID>
    <DeviceID>34</DeviceID>
    <ButtonID>8</ButtonID>
    <Discription>Pitot static port and AoA sensors heat switch</Discription>
    <Type>Switch</Type>
  </Clickabledata>
  <Clickabledata>
    <ID>169</ID>
    <DeviceID>34</DeviceID>
    <ButtonID>9</ButtonID>
    <Discription>Pitot ram air and clock heat switch</Discription>
    <Type>Switch</Type>
  </Clickabledata>
  <Clickabledata>
    <ID>170</ID>
    <DeviceID>34</DeviceID>
    <ButtonID>10</ButtonID>
    <Discription>Pitot heat system test</Discription>
    <Type>Switch</Type>
  </Clickabledata>
  <Clickabledata>
    <ID>171</ID>
    <DeviceID>34</DeviceID>
    <ButtonID>1</ButtonID>
    <Discription>Gear lever</Discription>
    <Type>Switch</Type>
  </Clickabledata>
  <Clickabledata>
    <ID>172</ID>
    <DeviceID>34</DeviceID>
    <ButtonID>4</ButtonID>
    <Discription>Main/Common hydraulics for emergency gear</Discription>
    <Type>Switch</Type>
  </Clickabledata>
  <Clickabledata>
    <ID>183</ID>
    <DeviceID>34</DeviceID>
    <ButtonID>2</ButtonID>
    <Discription>Power plant, hydraulics, EKRAN self-test systems switch</Discription>
    <Type>Switch</Type>
  </Clickabledata>
  <Clickabledata>
    <ID>184</ID>
    <DeviceID>36</DeviceID>
    <ButtonID>1</ButtonID>
    <Discription>LWS Reset button</Discription>
    <Type>Switch</Type>
  </Clickabledata>
  <Clickabledata>
    <ID>185</ID>
    <DeviceID>36</DeviceID>
    <ButtonID>2</ButtonID>
    <Discription>LWS Power switch</Discription>
    <Type>Switch</Type>
  </Clickabledata>
  <Clickabledata>
    <ID>186</ID>
    <DeviceID>36</DeviceID>
    <ButtonID>3</ButtonID>
    <Discription>LWS self-test button</Discription>
    <Type>Switch</Type>
  </Clickabledata>
  <Clickabledata>
    <ID>187</ID>
    <DeviceID>36</DeviceID>
    <ButtonID>4</ButtonID>
    <Discription>LWS self-test button (stop)</Discription>
    <Type>Switch</Type>
  </Clickabledata>
  <Clickabledata>
    <ID>188</ID>
    <DeviceID>38</DeviceID>
    <ButtonID>1</ButtonID>
    <Discription>Dangerous RALT set rotary</Discription>
    <Type>Switch</Type>
  </Clickabledata>
  <Clickabledata>
    <ID>189</ID>
    <DeviceID>38</DeviceID>
    <ButtonID>2</ButtonID>
    <Discription>Radar altimeter test</Discription>
    <Type>Switch</Type>
  </Clickabledata>
  <Clickabledata>
    <ID>190</ID>
    <DeviceID>40</DeviceID>
    <ButtonID>1</ButtonID>
    <Discription>Left engine extinguisher</Discription>
    <Type>Switch</Type>
  </Clickabledata>
  <Clickabledata>
    <ID>191</ID>
    <DeviceID>40</DeviceID>
    <ButtonID>2</ButtonID>
    <Discription>APU extinguisher</Discription>
    <Type>Switch</Type>
  </Clickabledata>
  <Clickabledata>
    <ID>192</ID>
    <DeviceID>40</DeviceID>
    <ButtonID>3</ButtonID>
    <Discription>Right engine extinguisher</Discription>
    <Type>Switch</Type>
  </Clickabledata>
  <Clickabledata>
    <ID>193</ID>
    <DeviceID>40</DeviceID>
    <ButtonID>4</ButtonID>
    <Discription>Ventilator extinguisher</Discription>
    <Type>Switch</Type>
  </Clickabledata>
  <Clickabledata>
    <ID>194</ID>
    <DeviceID>40</DeviceID>
    <ButtonID>5</ButtonID>
    <Discription>Fire extinguisher Work - Off - Test switch</Discription>
    <Type>Switch</Type>
  </Clickabledata>
  <Clickabledata>
    <ID>195</ID>
    <DeviceID>40</DeviceID>
    <ButtonID>6</ButtonID>
    <Discription>Fire extinguisher Work - Off - Test switch</Discription>
    <Type>Switch</Type>
  </Clickabledata>
  <Clickabledata>
    <ID>196</ID>
    <DeviceID>40</DeviceID>
    <ButtonID>8</ButtonID>
    <Discription>Fire signaling</Discription>
    <Type>Switch</Type>
  </Clickabledata>
  <Clickabledata>
    <ID>197</ID>
    <DeviceID>40</DeviceID>
    <ButtonID>9</ButtonID>
    <Discription>Fire extinguisher First (Auto) / Second (Manual) selector</Discription>
    <Type>Switch</Type>
  </Clickabledata>
  <Clickabledata>
    <ID>198</ID>
    <DeviceID>40</DeviceID>
    <ButtonID>11</ButtonID>
    <Discription>1st fire warning sensors group BIT</Discription>
    <Type>Switch</Type>
  </Clickabledata>
  <Clickabledata>
    <ID>199</ID>
    <DeviceID>40</DeviceID>
    <ButtonID>12</ButtonID>
    <Discription>2nd fire warning sensors group BIT</Discription>
    <Type>Switch</Type>
  </Clickabledata>
  <Clickabledata>
    <ID>200</ID>
    <DeviceID>40</DeviceID>
    <ButtonID>13</ButtonID>
    <Discription>3rd fire warning sensors group BIT</Discription>
    <Type>Switch</Type>
  </Clickabledata>
  <Clickabledata>
    <ID>201</ID>
    <DeviceID>41</DeviceID>
    <ButtonID>24</ButtonID>
    <Discription>Reducing gear box oil pressure indication selector</Discription>
    <Type>Switch</Type>
  </Clickabledata>
  <Clickabledata>
    <ID>202</ID>
    <DeviceID>41</DeviceID>
    <ButtonID>4</ButtonID>
    <Discription>Sling load Auto/Manual</Discription>
    <Type>Switch</Type>
  </Clickabledata>
  <Clickabledata>
    <ID>203</ID>
    <DeviceID>41</DeviceID>
    <ButtonID>1</ButtonID>
    <Discription>HUD/TV declutter switch</Discription>
    <Type>Switch</Type>
  </Clickabledata>
  <Clickabledata>
    <ID>204</ID>
    <DeviceID>41</DeviceID>
    <ButtonID>5</ButtonID>
    <Discription>Baro pressure QFE knob (rotary)</Discription>
    <Type>Switch</Type>
  </Clickabledata>
  <Clickabledata>
    <ID>205</ID>
    <DeviceID>42</DeviceID>
    <ButtonID>1</ButtonID>
    <Discription>IFF power</Discription>
    <Type>Switch</Type>
  </Clickabledata>
  <Clickabledata>
    <ID>206</ID>
    <DeviceID>44</DeviceID>
    <ButtonID>1</ButtonID>
    <Discription>Light landing-search. On/Retraction/Off</Discription>
    <Type>Switch</Type>
  </Clickabledata>
  <Clickabledata>
    <ID>207</ID>
    <DeviceID>44</DeviceID>
    <ButtonID>2</ButtonID>
    <Discription>Lights landing-search change. Main/Reserved</Discription>
    <Type>Switch</Type>
  </Clickabledata>
  <Clickabledata>
    <ID>208</ID>
    <DeviceID>45</DeviceID>
    <ButtonID>4</ButtonID>
    <Discription>Navigation Lights 10% / 30% / 100% / Off</Discription>
    <Type>Switch</Type>
  </Clickabledata>
  <Clickabledata>
    <ID>209</ID>
    <DeviceID>45</DeviceID>
    <ButtonID>5</ButtonID>
    <Discription>Navigation Lights 10% / 30% / 100% / Off (right click)</Discription>
    <Type>Switch</Type>
  </Clickabledata>
  <Clickabledata>
    <ID>210</ID>
    <DeviceID>45</DeviceID>
    <ButtonID>1</ButtonID>
    <Discription>Tip Lights</Discription>
    <Type>Switch</Type>
  </Clickabledata>
  <Clickabledata>
    <ID>211</ID>
    <DeviceID>45</DeviceID>
    <ButtonID>3</ButtonID>
    <Discription>Anticollision Light</Discription>
    <Type>Switch</Type>
  </Clickabledata>
  <Clickabledata>
    <ID>212</ID>
    <DeviceID>45</DeviceID>
    <ButtonID>2</ButtonID>
    <Discription>Formation Lights</Discription>
    <Type>Switch</Type>
  </Clickabledata>
  <Clickabledata>
    <ID>213</ID>
    <DeviceID>46</DeviceID>
    <ButtonID>3</ButtonID>
    <Discription>ADF Inner-Auto-Outer NDB switch</Discription>
    <Type>Switch</Type>
  </Clickabledata>
  <Clickabledata>
    <ID>214</ID>
    <DeviceID>46</DeviceID>
    <ButtonID>1</ButtonID>
    <Discription>ADF channel switch 1</Discription>
    <Type>Switch</Type>
  </Clickabledata>
  <Clickabledata>
    <ID>215</ID>
    <DeviceID>46</DeviceID>
    <ButtonID>2</ButtonID>
    <Discription>ADF channel switch 2</Discription>
    <Type>Switch</Type>
  </Clickabledata>
  <Clickabledata>
    <ID>216</ID>
    <DeviceID>46</DeviceID>
    <ButtonID>4</ButtonID>
    <Discription>COMPASS-ANTENNA modes</Discription>
    <Type>Switch</Type>
  </Clickabledata>
  <Clickabledata>
    <ID>217</ID>
    <DeviceID>46</DeviceID>
    <ButtonID>5</ButtonID>
    <Discription>TLF-TLG modes</Discription>
    <Type>Switch</Type>
  </Clickabledata>
  <Clickabledata>
    <ID>218</ID>
    <DeviceID>46</DeviceID>
    <ButtonID>6</ButtonID>
    <Discription>ADF Volume (rotary)</Discription>
    <Type>Switch</Type>
  </Clickabledata>
  <Clickabledata>
    <ID>219</ID>
    <DeviceID>46</DeviceID>
    <ButtonID>7</ButtonID>
    <Discription>ADF Test</Discription>
    <Type>Switch</Type>
  </Clickabledata>
  <Clickabledata>
    <ID>220</ID>
    <DeviceID>48</DeviceID>
    <ButtonID>1</ButtonID>
    <Discription>R-800 (VHF-2) BIT button</Discription>
    <Type>Switch</Type>
  </Clickabledata>
  <Clickabledata>
    <ID>221</ID>
    <DeviceID>48</DeviceID>
    <ButtonID>2</ButtonID>
    <Discription>R-800 (VHF-2) AM-FM toggle switch</Discription>
    <Type>Switch</Type>
  </Clickabledata>
  <Clickabledata>
    <ID>222</ID>
    <DeviceID>48</DeviceID>
    <ButtonID>3</ButtonID>
    <Discription>R-800 (VHF-2) Emergency receiver</Discription>
    <Type>Switch</Type>
  </Clickabledata>
  <Clickabledata>
    <ID>223</ID>
    <DeviceID>48</DeviceID>
    <ButtonID>4</ButtonID>
    <Discription>R-800 (VHF-2) ADF switch</Discription>
    <Type>Switch</Type>
  </Clickabledata>
  <Clickabledata>
    <ID>224</ID>
    <DeviceID>48</DeviceID>
    <ButtonID>5</ButtonID>
    <Discription>R-800 (VHF-2) Data transfer rate switch</Discription>
    <Type>Switch</Type>
  </Clickabledata>
  <Clickabledata>
    <ID>225</ID>
    <DeviceID>48</DeviceID>
    <ButtonID>6</ButtonID>
    <Discription>R-800 (VHF-2) Squelch</Discription>
    <Type>Switch</Type>
  </Clickabledata>
  <Clickabledata>
    <ID>226</ID>
    <DeviceID>48</DeviceID>
    <ButtonID>7</ButtonID>
    <Discription>R-800 (VHF-2) 1st rotary</Discription>
    <Type>Switch</Type>
  </Clickabledata>
  <Clickabledata>
    <ID>227</ID>
    <DeviceID>48</DeviceID>
    <ButtonID>8</ButtonID>
    <Discription>R-800 (VHF-2) 2nd rotary</Discription>
    <Type>Switch</Type>
  </Clickabledata>
  <Clickabledata>
    <ID>228</ID>
    <DeviceID>48</DeviceID>
    <ButtonID>9</ButtonID>
    <Discription>R-800 (VHF-2) 3rd rotary</Discription>
    <Type>Switch</Type>
  </Clickabledata>
  <Clickabledata>
    <ID>229</ID>
    <DeviceID>48</DeviceID>
    <ButtonID>10</ButtonID>
    <Discription>R-800 (VHF-2) 4th rotary</Discription>
    <Type>Switch</Type>
  </Clickabledata>
  <Clickabledata>
    <ID>230</ID>
    <DeviceID>48</DeviceID>
    <ButtonID>11</ButtonID>
    <Discription>VHF-2 (R-800) power switch</Discription>
    <Type>Switch</Type>
  </Clickabledata>
  <Clickabledata>
    <ID>231</ID>
    <DeviceID>49</DeviceID>
    <ButtonID>1</ButtonID>
    <Discription>R-828 (VHF-1) Radio channel selector</Discription>
    <Type>Switch</Type>
  </Clickabledata>
  <Clickabledata>
    <ID>232</ID>
    <DeviceID>49</DeviceID>
    <ButtonID>2</ButtonID>
    <Discription>R-828 (VHF-1) Radio Volume (rotary)</Discription>
    <Type>Switch</Type>
  </Clickabledata>
  <Clickabledata>
    <ID>233</ID>
    <DeviceID>49</DeviceID>
    <ButtonID>3 </ButtonID>
    <Discription>R-828 (VHF-1) Tuner button</Discription>
    <Type>Switch</Type>
  </Clickabledata>
  <Clickabledata>
    <ID>234</ID>
    <DeviceID>49</DeviceID>
    <ButtonID>4</ButtonID>
    <Discription>R-828 (VHF-1) Squelch</Discription>
    <Type>Switch</Type>
  </Clickabledata>
  <Clickabledata>
    <ID>235</ID>
    <DeviceID>49</DeviceID>
    <ButtonID>5</ButtonID>
    <Discription>VHF-1 (R828) power switch</Discription>
    <Type>Switch</Type>
  </Clickabledata>
  <Clickabledata>
    <ID>236</ID>
    <DeviceID>50</DeviceID>
    <ButtonID>2</ButtonID>
    <Discription>SPU-9 - Radio communicator selector (value 0.0, 0.11, 0.22, 0.33)</Discription>
    <Type>Switch</Type>
  </Clickabledata>
  <Clickabledata>
    <ID>237</ID>
    <DeviceID>50</DeviceID>
    <ButtonID>1</ButtonID>
    <Discription>SPU-9 - Intercom Power</Discription>
    <Type>Switch</Type>
  </Clickabledata>
  <Clickabledata>
    <ID>238</ID>
    <DeviceID>51</DeviceID>
    <ButtonID>1</ButtonID>
    <Discription>Lighting - cockpit panel switch</Discription>
    <Type>Switch</Type>
  </Clickabledata>
  <Clickabledata>
    <ID>239</ID>
    <DeviceID>51</DeviceID>
    <ButtonID>7</ButtonID>
    <Discription>Lighting - night vision cockpit switch</Discription>
    <Type>Switch</Type>
  </Clickabledata>
  <Clickabledata>
    <ID>240</ID>
    <DeviceID>51</DeviceID>
    <ButtonID>3</ButtonID>
    <Discription>Lighting - ADI and SAI switch</Discription>
    <Type>Switch</Type>
  </Clickabledata>
  <Clickabledata>
    <ID>241</ID>
    <DeviceID>51</DeviceID>
    <ButtonID>5</ButtonID>
    <Discription>Lighting - auxiliary panel switch</Discription>
    <Type>Switch</Type>
  </Clickabledata>
  <Clickabledata>
    <ID>242</ID>
    <DeviceID>51</DeviceID>
    <ButtonID>9</ButtonID>
    <Discription>Lighting - cockpit interior lamp switch</Discription>
    <Type>Switch</Type>
  </Clickabledata>
  <Clickabledata>
    <ID>243</ID>
    <DeviceID>51</DeviceID>
    <ButtonID>6</ButtonID>
    <Discription>Lighting - auxiliary panel brightness knob (rotary)</Discription>
    <Type>Switch</Type>
  </Clickabledata>
  <Clickabledata>
    <ID>244</ID>
    <DeviceID>51</DeviceID>
    <ButtonID>8</ButtonID>
    <Discription>Lighting - night vision cockpit brightness knob (rotary)</Discription>
    <Type>Switch</Type>
  </Clickabledata>
  <Clickabledata>
    <ID>245</ID>
    <DeviceID>51</DeviceID>
    <ButtonID>2</ButtonID>
    <Discription>Lighting - cockpit panel brightness knob (rotary)</Discription>
    <Type>Switch</Type>
  </Clickabledata>
  <Clickabledata>
    <ID>246</ID>
    <DeviceID>51</DeviceID>
    <ButtonID>4</ButtonID>
    <Discription>Lighting - HSI and ADI brightness knob (rotary)</Discription>
    <Type>Switch</Type>
  </Clickabledata>
  <Clickabledata>
    <ID>247</ID>
    <DeviceID>52</DeviceID>
    <ButtonID>2</ButtonID>
    <Discription>Signal flare - red</Discription>
    <Type>Switch</Type>
  </Clickabledata>
  <Clickabledata>
    <ID>248</ID>
    <DeviceID>52</DeviceID>
    <ButtonID>1</ButtonID>
    <Discription>Signal flare - green</Discription>
    <Type>Switch</Type>
  </Clickabledata>
  <Clickabledata>
    <ID>249</ID>
    <DeviceID>52</DeviceID>
    <ButtonID>3</ButtonID>
    <Discription>Signal flare - white</Discription>
    <Type>Switch</Type>
  </Clickabledata>
  <Clickabledata>
    <ID>250</ID>
    <DeviceID>52</DeviceID>
    <ButtonID>4</ButtonID>
    <Discription>Signal flare - yellow</Discription>
    <Type>Switch</Type>
  </Clickabledata>
  <Clickabledata>
    <ID>251</ID>
    <DeviceID>52</DeviceID>
    <ButtonID>5</ButtonID>
    <Discription>Signal flare - system power</Discription>
    <Type>Switch</Type>
  </Clickabledata>
  <Clickabledata>
    <ID>252</ID>
    <DeviceID>55</DeviceID>
    <ButtonID>1</ButtonID>
    <Discription>Standby ADI - Cage/control test handle</Discription>
    <Type>Switch</Type>
  </Clickabledata>
  <Clickabledata>
    <ID>253</ID>
    <DeviceID>55</DeviceID>
    <ButtonID>2</ButtonID>
    <Discription>Standby ADI - Cage/control test handle</Discription>
    <Type>Switch</Type>
  </Clickabledata>
  <Clickabledata>
    <ID>254</ID>
    <DeviceID>55</DeviceID>
    <ButtonID>4</ButtonID>
    <Discription>Standby ADI - power switch</Discription>
    <Type>Switch</Type>
  </Clickabledata>
  <Clickabledata>
    <ID>255</ID>
    <DeviceID>57</DeviceID>
    <ButtonID>1</ButtonID>
    <Discription>PShK_7 - Latitude selection rotaty (rotaty)</Discription>
    <Type>Switch</Type>
  </Clickabledata>
  <Clickabledata>
    <ID>256</ID>
    <DeviceID>57</DeviceID>
    <ButtonID>2</ButtonID>
    <Discription>PShK_7 - North-South latitude selection</Discription>
    <Type>Switch</Type>
  </Clickabledata>
  <Clickabledata>
    <ID>257</ID>
    <DeviceID>58</DeviceID>
    <ButtonID>1</ButtonID>
    <Discription>Magnetic variation selection rotaty (rotaty)</Discription>
    <Type>Switch</Type>
  </Clickabledata>
  <Clickabledata>
    <ID>258</ID>
    <DeviceID>59</DeviceID>
    <ButtonID>1</ButtonID>
    <Discription>Navigation system power</Discription>
    <Type>Switch</Type>
  </Clickabledata>
  <Clickabledata>
    <ID>259</ID>
    <DeviceID>59</DeviceID>
    <ButtonID>2</ButtonID>
    <Discription>K-041 - Targeting-navigation system power switch</Discription>
    <Type>Switch</Type>
  </Clickabledata>
  <Clickabledata>
    <ID>260</ID>
    <DeviceID>61</DeviceID>
    <ButtonID>1</ButtonID>
    <Discription>Accelerometer reset</Discription>
    <Type>Switch</Type>
  </Clickabledata>
  <Clickabledata>
    <ID>261</ID>
    <DeviceID>1000</DeviceID>
    <ButtonID>1</ButtonID>
    <Discription>genericRadio selection switch</Discription>
    <Type>Switch</Type>
  </Clickabledata>
  <Clickabledata>
    <ID>262</ID>
    <DeviceID>1000</DeviceID>
    <ButtonID>2</ButtonID>
    <Discription>genericRadio Frequency 1 (rotary) {0.0 to 2.0 in 0.1 steps}</Discription>
    <Type>Switch</Type>
  </Clickabledata>
  <Clickabledata>
    <ID>263</ID>
    <DeviceID>1000</DeviceID>
    <ButtonID>3</ButtonID>
    <Discription>genericRadio Frequency 2 (rotary) {0.0 to 2.0 in 0.1 steps}</Discription>
    <Type>Switch</Type>
  </Clickabledata>
  <Clickabledata>
    <ID>264</ID>
    <DeviceID>1000</DeviceID>
    <ButtonID>4</ButtonID>
    <Discription>genericRadio Volumen (rotary) {0.0 to 2.0 in 0.1 steps}</Discription>
    <Type>Switch</Type>
  </Clickabledata>
  <Clickabledata>
    <ID>265</ID>
    <DeviceID>1000</DeviceID>
    <ButtonID>5</ButtonID>
    <Discription>genericRadio Preset Channel (rotary) {0.0 to 2.0 in 0.1 steps}</Discription>
    <Type>Switch</Type>
  </Clickabledata>
  <Clickabledata>
    <ID>267</ID>
    <DeviceID>1000</DeviceID>
    <ButtonID>7</ButtonID>
    <Discription>genericRadio Squelch Button</Discription>
    <Type>Switch</Type>
  </Clickabledata>
  <Clickabledata>
    <ID>268</ID>
    <DeviceID>1000</DeviceID>
    <ButtonID>8</ButtonID>
    <Discription>genericRadio FM/AM Button or Autotune</Discription>
    <Type>Switch</Type>
  </Clickabledata>
  <Clickabledata>
    <ID>269</ID>
    <DeviceID>1000</DeviceID>
    <ButtonID>9</ButtonID>
    <Discription>genericRadio Power Button</Discription>
    <Type>Switch</Type>
  </Clickabledata>
  <Devices>
    <DeviceID>2</DeviceID>
    <Discription>ELEC_INTERFACE</Discription>
  </Devices>
  <Devices>
    <DeviceID>3</DeviceID>
    <Discription>FUELSYS_INTERFACE</Discription>
  </Devices>
  <Devices>
    <DeviceID>4</DeviceID>
    <Discription>ENGINE_INTERFACE</Discription>
  </Devices>
  <Devices>
    <DeviceID>5</DeviceID>
    <Discription>HYDRO_SYS_INTERFACE</Discription>
  </Devices>
  <Devices>
    <DeviceID>6</DeviceID>
    <Discription>EJECT_SYS_INTERFACE</Discription>
  </Devices>
  <Devices>
    <DeviceID>7</DeviceID>
    <Discription>HUD</Discription>
  </Devices>
  <Devices>
    <DeviceID>8</DeviceID>
    <Discription>SHKVAL</Discription>
  </Devices>
  <Devices>
    <DeviceID>9</DeviceID>
    <Discription>ABRIS</Discription>
  </Devices>
  <Devices>
    <DeviceID>11</DeviceID>
    <Discription>LASERRANGER</Discription>
  </Devices>
  <Devices>
    <DeviceID>12</DeviceID>
    <Discription>WEAP_INTERFACE</Discription>
  </Devices>
  <Devices>
    <DeviceID>13</DeviceID>
    <Discription>VMS</Discription>
  </Devices>
  <Devices>
    <DeviceID>14</DeviceID>
    <Discription>SYST_CONTROLLER</Discription>
  </Devices>
  <Devices>
    <DeviceID>15</DeviceID>
    <Discription>C061K</Discription>
  </Devices>
  <Devices>
    <DeviceID>20</DeviceID>
    <Discription>PVI</Discription>
  </Devices>
  <Devices>
    <DeviceID>22</DeviceID>
    <Discription>UV_26</Discription>
  </Devices>
  <Devices>
    <DeviceID>23</DeviceID>
    <Discription>HELMET</Discription>
  </Devices>
  <Devices>
    <DeviceID>25</DeviceID>
    <Discription>DATALINK</Discription>
  </Devices>
  <Devices>
    <DeviceID>28</DeviceID>
    <Discription>NAV_INTERFACE</Discription>
  </Devices>
  <Devices>
    <DeviceID>29</DeviceID>
    <Discription>CLOCK</Discription>
  </Devices>
  <Devices>
    <DeviceID>30</DeviceID>
    <Discription>HSI</Discription>
  </Devices>
  <Devices>
    <DeviceID>31</DeviceID>
    <Discription>ADI</Discription>
  </Devices>
  <Devices>
    <DeviceID>32</DeviceID>
    <Discription>PPK</Discription>
  </Devices>
  <Devices>
    <DeviceID>33</DeviceID>
    <Discription>AUTOPILOT</Discription>
  </Devices>
  <Devices>
    <DeviceID>34</DeviceID>
    <Discription>CPT_MECH</Discription>
  </Devices>
  <Devices>
    <DeviceID>36</DeviceID>
    <Discription>LASER_WARNING_SYSTEM</Discription>
  </Devices>
  <Devices>
    <DeviceID>38</DeviceID>
    <Discription>RADAR_ALTIMETER</Discription>
  </Devices>
  <Devices>
    <DeviceID>40</DeviceID>
    <Discription>FIRE_EXTING_INTERFACE</Discription>
  </Devices>
  <Devices>
    <DeviceID>41</DeviceID>
    <Discription>MISC_SYSTEMS_INTERFACE</Discription>
  </Devices>
  <Devices>
    <DeviceID>42</DeviceID>
    <Discription>IFF</Discription>
  </Devices>
  <Devices>
    <DeviceID>44</DeviceID>
    <Discription>SPOTLIGHT_SYSTEM</Discription>
  </Devices>
  <Devices>
    <DeviceID>45</DeviceID>
    <Discription>NAVLIGHT_SYSTEM</Discription>
  </Devices>
  <Devices>
    <DeviceID>46</DeviceID>
    <Discription>ARK_22</Discription>
  </Devices>
  <Devices>
    <DeviceID>48</DeviceID>
    <Discription>R_800</Discription>
  </Devices>
  <Devices>
    <DeviceID>49</DeviceID>
    <Discription>R_828</Discription>
  </Devices>
  <Devices>
    <DeviceID>50</DeviceID>
    <Discription>SPU_9</Discription>
  </Devices>
  <Devices>
    <DeviceID>51</DeviceID>
    <Discription>ILLUMINATION_INTERFACE</Discription>
  </Devices>
  <Devices>
    <DeviceID>52</DeviceID>
    <Discription>SIGNAL_FLARE_DISPENSER</Discription>
  </Devices>
  <Devices>
    <DeviceID>55</DeviceID>
    <Discription>STBY_ADI</Discription>
  </Devices>
  <Devices>
    <DeviceID>57</DeviceID>
    <Discription>PShK_7</Discription>
  </Devices>
  <Devices>
    <DeviceID>58</DeviceID>
    <Discription>ZMS_3</Discription>
  </Devices>
  <Devices>
    <DeviceID>59</DeviceID>
    <Discription>K041</Discription>
  </Devices>
  <Devices>
    <DeviceID>61</DeviceID>
    <Discription>ACCELEROMETER</Discription>
  </Devices>
  <Devices>
    <DeviceID>1000</DeviceID>
    <Discription>genericRadio</Discription>
  </Devices>
</DTADataSet>