<?xml version="1.0" standalone="yes"?>
<DTADataSet>
  <!-- TailRadarWarning -->
  <DCS_ID>
    <ExportID>161</ExportID>
    <Description>Lamp TailRadarWarning</Description>
    <ExportIDWithDescription>161 - Lamp TailRadarWarning</ExportIDWithDescription>
  </DCS_ID>
  <DCS_ID>
    <ExportID>59</ExportID>
    <Description>Lamp Hight_Blower_Lamp</Description>
    <ExportIDWithDescription>59 - Lamp Hight_Blower_Lamp</ExportIDWithDescription>
  </DCS_ID>
  <!-- SCR-522A Control panel -->
  <DCS_ID>
    <ExportID>122</ExportID>
    <Description>Lamp A_channel_light</Description>
    <ExportIDWithDescription>122 - Lamp A_channel_light</ExportIDWithDescription>
  </DCS_ID>
  <DCS_ID>
    <ExportID>123</ExportID>
    <Description>Lamp B_channel_light</Description>
    <ExportIDWithDescription>123 - Lamp B_channel_light</ExportIDWithDescription>
  </DCS_ID>
  <DCS_ID>
    <ExportID>124</ExportID>
    <Description>Lamp C_channel_light</Description>
    <ExportIDWithDescription>124 - Lamp C_channel_light</ExportIDWithDescription>
  </DCS_ID>
  <DCS_ID>
    <ExportID>125</ExportID>
    <Description>Lamp D_channel_light</Description>
    <ExportIDWithDescription>125 - Lamp D_channel_light</ExportIDWithDescription>
  </DCS_ID>
  <DCS_ID>
    <ExportID>126</ExportID>
    <Description>Lamp Transmit_light</Description>
    <ExportIDWithDescription>126 - Lamp Transmit_light</ExportIDWithDescription>
  </DCS_ID>
  <!-- Landing gears -->
  <DCS_ID>
    <ExportID>80</ExportID>
    <Description>Lamp LandingGearGreenLight</Description>
    <ExportIDWithDescription>80 - Lamp LandingGearGreenLight</ExportIDWithDescription>
  </DCS_ID>
  <DCS_ID>
    <ExportID>82</ExportID>
    <Description>Lamp LandingGearRedLight</Description>
    <ExportIDWithDescription>82 - Lamp LandingGearRedLight</ExportIDWithDescription>
  </DCS_ID>
  <!-- Cockpit Lights -->
  <DCS_ID>
    <ExportID>164</ExportID>
    <Description>Light Left_Fluor_Light</Description>
    <ExportIDWithDescription>164 - Light Left_Fluor_Light</ExportIDWithDescription>
  </DCS_ID>
  <DCS_ID>
    <ExportID>165</ExportID>
    <Description>Light Right_Fluor_Light</Description>
    <ExportIDWithDescription>165 - Light Right_Fluor_Light</ExportIDWithDescription>
  </DCS_ID>
  <DCS_ID>
    <ExportID>185</ExportID>
    <Description>Light Left_cockpit_light</Description>
    <ExportIDWithDescription>185 - Light Left_cockpit_light</ExportIDWithDescription>
  </DCS_ID>
  <DCS_ID>
    <ExportID>186</ExportID>
    <Description>Light Right_cockpit_light</Description>
    <ExportIDWithDescription>186 - Light Right_cockpit_light</ExportIDWithDescription>
  </DCS_ID>
  <!-- K14 Gunsight Selector -->
  <Clickabledata>
    <ID>0</ID>
    <DeviceID>1</DeviceID>
    <ButtonID>4</ButtonID>
    <Discription>K14 Sight On/Off</Discription>
  </Clickabledata>
  <Clickabledata>
    <ID>1</ID>
    <DeviceID>1</DeviceID>
    <ButtonID>6</ButtonID>
    <Discription>K14 Fixed Reticle Mask Lever</Discription>
  </Clickabledata>
  <Clickabledata>
    <ID>2</ID>
    <DeviceID>1</DeviceID>
    <ButtonID>3</ButtonID>
    <Discription>K14 Sight Mode</Discription>
  </Clickabledata>
  <Clickabledata>
    <ID>3</ID>
    <DeviceID>1</DeviceID>
    <ButtonID>5</ButtonID>
    <Discription>K14 Gun Sight Brightness (rotary)</Discription>
  </Clickabledata>
  <Clickabledata>
    <ID>4</ID>
    <DeviceID>1</DeviceID>
    <ButtonID>1</ButtonID>
    <Discription>K14 Wing Span Selector</Discription>
  </Clickabledata>
  <!-- Hydraulic -->
  <Clickabledata>
    <ID>5</ID>
    <DeviceID>3</DeviceID>
    <ButtonID>1</ButtonID>
    <Discription>Hydraulic Release Knob</Discription>
  </Clickabledata>
  <!-- WEAPON_CONTROL -->
  <Clickabledata>
    <ID>6</ID>
    <DeviceID>4</DeviceID>
    <ButtonID>3</ButtonID>
    <Discription>Left Payload Salvo</Discription>
  </Clickabledata>
  <Clickabledata>
    <ID>7</ID>
    <DeviceID>4</DeviceID>
    <ButtonID>4</ButtonID>
    <Discription>Right Payload Salvo</Discription>
  </Clickabledata>
  <Clickabledata>
    <ID>8</ID>
    <DeviceID>4</DeviceID>
    <ButtonID>13</ButtonID>
    <Discription>Rockets Release Mode</Discription>
  </Clickabledata>
  <Clickabledata>
    <ID>9</ID>
    <DeviceID>4</DeviceID>
    <ButtonID>8</ButtonID>
    <Discription>Rockets Delay Switch</Discription>
  </Clickabledata>
  <Clickabledata>
    <ID>10</ID>
    <DeviceID>4</DeviceID>
    <ButtonID>9</ButtonID>
    <Discription>Rockets Counter Control</Discription>
  </Clickabledata>
  <Clickabledata>
    <ID>11</ID>
    <DeviceID>4</DeviceID>
    <ButtonID>10</ButtonID>
    <Discription>Rockets Counter Control</Discription>
  </Clickabledata>
  <!-- ENGINE_SYSTEM -->
  <Clickabledata>
    <ID>12</ID>
    <DeviceID>5</DeviceID>
    <ButtonID>1</ButtonID>
    <Discription>Coolant Control</Discription>
  </Clickabledata>
  <Clickabledata>
    <ID>13</ID>
    <DeviceID>5</DeviceID>
    <ButtonID>2</ButtonID>
    <Discription>Oil Control</Discription>
  </Clickabledata>
  <Clickabledata>
    <ID>14</ID>
    <DeviceID>5</DeviceID>
    <ButtonID>7</ButtonID>
    <Discription>Carburetor Cold Air Control</Discription>
  </Clickabledata>
  <Clickabledata>
    <ID>15</ID>
    <DeviceID>5</DeviceID>
    <ButtonID>27</ButtonID>
    <Discription>Carburetor Warm Air Control</Discription>
  </Clickabledata>
  <Clickabledata>
    <ID>16</ID>
    <DeviceID>5</DeviceID>
    <ButtonID>11</ButtonID>
    <Discription>Mixture Control Select</Discription>
  </Clickabledata>
  <Clickabledata>
    <ID>17</ID>
    <DeviceID>5</DeviceID>
    <ButtonID>21</ButtonID>
    <Discription>Throttle</Discription>
  </Clickabledata>
  <Clickabledata>
    <ID>18</ID>
    <DeviceID>5</DeviceID>
    <ButtonID>22</ButtonID>
    <Discription>Propeller RPM</Discription>
  </Clickabledata>
  <Clickabledata>
    <ID>19</ID>
    <DeviceID>5</DeviceID>
    <ButtonID>12</ButtonID>
    <Discription>Lock Throttle</Discription>
  </Clickabledata>
  <Clickabledata>
    <ID>20</ID>
    <DeviceID>5</DeviceID>
    <ButtonID>14</ButtonID>
    <Discription>Lock Propeller - Mixture</Discription>
  </Clickabledata>
  <!-- CPT_MECH -->
  <Clickabledata>
    <ID>21</ID>
    <DeviceID>6</DeviceID>
    <ButtonID>1</ButtonID>
    <Discription>Microphone On</Discription>
  </Clickabledata>
  <Clickabledata>
    <ID>22</ID>
    <DeviceID>6</DeviceID>
    <ButtonID>2</ButtonID>
    <Discription>Canopy Hand Crank</Discription>
  </Clickabledata>
  <Clickabledata>
    <ID>23</ID>
    <DeviceID>6</DeviceID>
    <ButtonID>3</ButtonID>
    <Discription>Canopy Emergency Release Handle</Discription>
  </Clickabledata>
  <!-- Oxygen Regulator -->
  <Clickabledata>
    <ID>24</ID>
    <DeviceID>7</DeviceID>
    <ButtonID>3</ButtonID>
    <Discription>Oxygen Auto-Mix On-Off</Discription>
  </Clickabledata>
  <Clickabledata>
    <ID>25</ID>
    <DeviceID>7</DeviceID>
    <ButtonID>1</ButtonID>
    <Discription>Oxygen Emergency By-pass</Discription>
  </Clickabledata>
  <!-- Fuel system -->
  <Clickabledata>
    <ID>26</ID>
    <DeviceID>9</DeviceID>
    <ButtonID>4</ButtonID>
    <Discription>Select Fuselage Tank</Discription>
  </Clickabledata>
  <Clickabledata>
    <ID>27</ID>
    <DeviceID>9</DeviceID>
    <ButtonID>1</ButtonID>
    <Discription>Fuel Selector Valve</Discription>
  </Clickabledata>
  <Clickabledata>
    <ID>28</ID>
    <DeviceID>9</DeviceID>
    <ButtonID>2</ButtonID>
    <Discription>Fuel Shut-Off Valve</Discription>
  </Clickabledata>
  <!-- LIGHT_SYSTEM -->
  <Clickabledata>
    <ID>29</ID>
    <DeviceID>10</DeviceID>
    <ButtonID>3</ButtonID>
    <Discription>Landing Light On/Off</Discription>
  </Clickabledata>
  <Clickabledata>
    <ID>30</ID>
    <DeviceID>10</DeviceID>
    <ButtonID>2</ButtonID>
    <Discription>Left Fluorescent Light</Discription>
  </Clickabledata>
  <!-- ENVIRONMENT_SYSTEM -->
  <Clickabledata>
    <ID>31</ID>
    <DeviceID>11</DeviceID>
    <ButtonID>1</ButtonID>
    <Discription>Defroster</Discription>
  </Clickabledata>
  <Clickabledata>
    <ID>32</ID>
    <DeviceID>11</DeviceID>
    <ButtonID>2</ButtonID>
    <Discription>Cold Air</Discription>
  </Clickabledata>
  <Clickabledata>
    <ID>33</ID>
    <DeviceID>11</DeviceID>
    <ButtonID>3</ButtonID>
    <Discription>Hot Air</Discription>
  </Clickabledata>
  <!-- CONTROL_SYSTEM -->
  <Clickabledata>
    <ID>34</ID>
    <DeviceID>12</DeviceID>
    <ButtonID>1</ButtonID>
    <Discription>Flaps Control Handle</Discription>
  </Clickabledata>
  <Clickabledata>
    <ID>35</ID>
    <DeviceID>12</DeviceID>
    <ButtonID>3</ButtonID>
    <Discription>Landing Gear Control Handle</Discription>
  </Clickabledata>
  <Clickabledata>
    <ID>36</ID>
    <DeviceID>12</DeviceID>
    <ButtonID>5</ButtonID>
    <Discription>Parking Brake Handle</Discription>
  </Clickabledata>
  <Clickabledata>
    <ID>37</ID>
    <DeviceID>12</DeviceID>
    <ButtonID>18</ButtonID>
    <Discription>Safe Landing Gear Light Test</Discription>
  </Clickabledata>
  <Clickabledata>
    <ID>38</ID>
    <DeviceID>12</DeviceID>
    <ButtonID>7</ButtonID>
    <Discription>Unsafe Landing Gear Light Test</Discription>
  </Clickabledata>
  <Clickabledata>
    <ID>39</ID>
    <DeviceID>12</DeviceID>
    <ButtonID>8</ButtonID>
    <Discription>Aileron Trim</Discription>
  </Clickabledata>
  <Clickabledata>
    <ID>40</ID>
    <DeviceID>12</DeviceID>
    <ButtonID>9</ButtonID>
    <Discription>Elevator Trim</Discription>
  </Clickabledata>
  <Clickabledata>
    <ID>41</ID>
    <DeviceID>12</DeviceID>
    <ButtonID>10</ButtonID>
    <Discription>Rudder Trim</Discription>
  </Clickabledata>
  <Clickabledata>
    <ID>42</ID>
    <DeviceID>12</DeviceID>
    <ButtonID>15</ButtonID>
    <Discription>Surface Control Lock Plunger forward</Discription>
  </Clickabledata>
  <Clickabledata>
    <ID>43</ID>
    <DeviceID>12</DeviceID>
    <ButtonID>16</ButtonID>
    <Discription>Surface Control Lock Plunger neutral</Discription>
  </Clickabledata>
  <!-- Front Switch Box -->
  <Clickabledata>
    <ID>44</ID>
    <DeviceID>13</DeviceID>
    <ButtonID>1</ButtonID>
    <Discription>Cockpit Lights</Discription>
  </Clickabledata>
  <Clickabledata>
    <ID>45</ID>
    <DeviceID>13</DeviceID>
    <ButtonID>2</ButtonID>
    <Discription>Ignition</Discription>
  </Clickabledata>
  <Clickabledata>
    <ID>46</ID>
    <DeviceID>13</DeviceID>
    <ButtonID>7</ButtonID>
    <Discription>Gun control</Discription>
  </Clickabledata>
  <Clickabledata>
    <ID>47</ID>
    <DeviceID>13</DeviceID>
    <ButtonID>8</ButtonID>
    <Discription>Landing Gear Warning Horn Cut Off</Discription>
  </Clickabledata>
  <Clickabledata>
    <ID>48</ID>
    <DeviceID>13</DeviceID>
    <ButtonID>9</ButtonID>
    <Discription>Left Bomb Arm/Chemical</Discription>
  </Clickabledata>
  <Clickabledata>
    <ID>49</ID>
    <DeviceID>13</DeviceID>
    <ButtonID>10</ButtonID>
    <Discription>Right Bomb Arm/Chemical</Discription>
  </Clickabledata>
  <Clickabledata>
    <ID>50</ID>
    <DeviceID>13</DeviceID>
    <ButtonID>11</ButtonID>
    <Discription>Release Mode</Discription>
  </Clickabledata>
  <!-- Right Swich Panel -->
  <Clickabledata>
    <ID>51</ID>
    <DeviceID>14</DeviceID>
    <ButtonID>3</ButtonID>
    <Discription>Generator Disconnect</Discription>
  </Clickabledata>
  <Clickabledata>
    <ID>52</ID>
    <DeviceID>14</DeviceID>
    <ButtonID>1</ButtonID>
    <Discription>Battery Disconnect</Discription>
  </Clickabledata>
  <Clickabledata>
    <ID>53</ID>
    <DeviceID>14</DeviceID>
    <ButtonID>19</ButtonID>
    <Discription>Gun Heating</Discription>
  </Clickabledata>
  <Clickabledata>
    <ID>54</ID>
    <DeviceID>14</DeviceID>
    <ButtonID>5</ButtonID>
    <Discription>Pitot Heating</Discription>
  </Clickabledata>
  <Clickabledata>
    <ID>55</ID>
    <DeviceID>14</DeviceID>
    <ButtonID>8</ButtonID>
    <Discription>Wing Position Lights</Discription>
  </Clickabledata>
  <Clickabledata>
    <ID>56</ID>
    <DeviceID>14</DeviceID>
    <ButtonID>9</ButtonID>
    <Discription>Tail Position Lights</Discription>
  </Clickabledata>
  <Clickabledata>
    <ID>57</ID>
    <DeviceID>14</DeviceID>
    <ButtonID>21</ButtonID>
    <Discription>Red Recognition Light</Discription>
  </Clickabledata>
  <Clickabledata>
    <ID>58</ID>
    <DeviceID>14</DeviceID>
    <ButtonID>22</ButtonID>
    <Discription>Green Recognition Light</Discription>
  </Clickabledata>
  <Clickabledata>
    <ID>59</ID>
    <DeviceID>14</DeviceID>
    <ButtonID>23</ButtonID>
    <Discription>Amber Recognition Light</Discription>
  </Clickabledata>
  <Clickabledata>
    <ID>60</ID>
    <DeviceID>14</DeviceID>
    <ButtonID>24</ButtonID>
    <Discription>Recognition Lights Key</Discription>
  </Clickabledata>
  <Clickabledata>
    <ID>61</ID>
    <DeviceID>14</DeviceID>
    <ButtonID>25</ButtonID>
    <Discription>Circuit Protectors Reset</Discription>
  </Clickabledata>
  <Clickabledata>
    <ID>62</ID>
    <DeviceID>14</DeviceID>
    <ButtonID>7</ButtonID>
    <Discription>Right Fluorescent Light</Discription>
  </Clickabledata>
  <!-- Engine Control Panel -->
  <Clickabledata>
    <ID>63</ID>
    <DeviceID>15</DeviceID>
    <ButtonID>1</ButtonID>
    <Discription>Supercharger</Discription>
  </Clickabledata>
  <Clickabledata>
    <ID>64</ID>
    <DeviceID>15</DeviceID>
    <ButtonID>4</ButtonID>
    <Discription>High Blower Lamp Test</Discription>
  </Clickabledata>
  <Clickabledata>
    <ID>65</ID>
    <DeviceID>15</DeviceID>
    <ButtonID>5</ButtonID>
    <Discription>Fuel Booster On/Off</Discription>
  </Clickabledata>
  <Clickabledata>
    <ID>66</ID>
    <DeviceID>15</DeviceID>
    <ButtonID>13</ButtonID>
    <Discription>Oil Dilute Activate</Discription>
  </Clickabledata>
  <Clickabledata>
    <ID>67</ID>
    <DeviceID>15</DeviceID>
    <ButtonID>8</ButtonID>
    <Discription>Starter Activate</Discription>
  </Clickabledata>
  <Clickabledata>
    <ID>68</ID>
    <DeviceID>15</DeviceID>
    <ButtonID>11</ButtonID>
    <Discription>Primer Activate</Discription>
  </Clickabledata>
  <!-- ALTIMETER -->
  <Clickabledata>
    <ID>69</ID>
    <DeviceID>17</DeviceID>
    <ButtonID>1</ButtonID>
    <Discription>Set Pressure</Discription>
  </Clickabledata>
  <!-- ARTIFICIAL_HORIZON -->
  <Clickabledata>
    <ID>70</ID>
    <DeviceID>19</DeviceID>
    <ButtonID>2</ButtonID>
    <Discription>AH Pitch Adjustment</Discription>
  </Clickabledata>
  <Clickabledata>
    <ID>71</ID>
    <DeviceID>19</DeviceID>
    <ButtonID>1</ButtonID>
    <Discription>AH Cage</Discription>
  </Clickabledata>
  <!-- DIRECTIONAL_GYRO -->
  <Clickabledata>
    <ID>72</ID>
    <DeviceID>20</DeviceID>
    <ButtonID>3</ButtonID>
    <Discription>Heading Set (rotary)</Discription>
  </Clickabledata>
  <Clickabledata>
    <ID>73</ID>
    <DeviceID>20</DeviceID>
    <ButtonID>1</ButtonID>
    <Discription>Heading Gage</Discription>
  </Clickabledata>
  <!-- Clock -->
  <Clickabledata>
    <ID>74</ID>
    <DeviceID>22</DeviceID>
    <ButtonID>1</ButtonID>
    <Discription>Winding Clock</Discription>
  </Clickabledata>
  <Clickabledata>
    <ID>75</ID>
    <DeviceID>22</DeviceID>
    <ButtonID>2</ButtonID>
    <Discription>Adjustment Clock</Discription>
  </Clickabledata>
  <!-- REMOTE_COMPASS -->
  <Clickabledata>
    <ID>76</ID>
    <DeviceID>23</DeviceID>
    <ButtonID>1</ButtonID>
    <Discription>Course Set</Discription>
  </Clickabledata>
  <!-- VHF_RADIO -->
  <Clickabledata>
    <ID>77</ID>
    <DeviceID>24</DeviceID>
    <ButtonID>1</ButtonID>
    <Discription>VHF Radio ON/OFF</Discription>
  </Clickabledata>
  <Clickabledata>
    <ID>78</ID>
    <DeviceID>24</DeviceID>
    <ButtonID>2</ButtonID>
    <Discription>VHF A Channel Activate</Discription>
  </Clickabledata>
  <Clickabledata>
    <ID>79</ID>
    <DeviceID>24</DeviceID>
    <ButtonID>3</ButtonID>
    <Discription>VHF B Channel Activate</Discription>
  </Clickabledata>
  <Clickabledata>
    <ID>80</ID>
    <DeviceID>24</DeviceID>
    <ButtonID>4</ButtonID>
    <Discription>VHF C Channel Activate</Discription>
  </Clickabledata>
  <Clickabledata>
    <ID>81</ID>
    <DeviceID>24</DeviceID>
    <ButtonID>5</ButtonID>
    <Discription>VHF D Channel Activate</Discription>
  </Clickabledata>
  <Clickabledata>
    <ID>82</ID>
    <DeviceID>24</DeviceID>
    <ButtonID>6</ButtonID>
    <Discription>VHF Radio Lights Dimmer</Discription>
  </Clickabledata>
  <Clickabledata>
    <ID>83</ID>
    <DeviceID>24</DeviceID>
    <ButtonID>15</ButtonID>
    <Discription>VHF Radio Audio Volume</Discription>
  </Clickabledata>
  <Clickabledata>
    <ID>84</ID>
    <DeviceID>24</DeviceID>
    <ButtonID>17</ButtonID>
    <Discription>VHF Switch Locking Lever</Discription>
  </Clickabledata>
  <Clickabledata>
    <ID>85</ID>
    <DeviceID>24</DeviceID>
    <ButtonID>8</ButtonID>
    <Discription>VHF Radio Mode</Discription>
  </Clickabledata>
  <Clickabledata>
    <ID>86</ID>
    <DeviceID>24</DeviceID>
    <ButtonID>20</ButtonID>
    <Discription>VHF Radio Mode Transmit</Discription>
  </Clickabledata>
  <!-- AN/APS-13 -->
  <Clickabledata>
    <ID>87</ID>
    <DeviceID>25</DeviceID>
    <ButtonID>1</ButtonID>
    <Discription>Tail Warning Radar Power</Discription>
  </Clickabledata>
  <Clickabledata>
    <ID>88</ID>
    <DeviceID>25</DeviceID>
    <ButtonID>3</ButtonID>
    <Discription>Tail Warning Radar Test</Discription>
  </Clickabledata>
  <Clickabledata>
    <ID>89</ID>
    <DeviceID>25</DeviceID>
    <ButtonID>4</ButtonID>
    <Discription>Tail Warning Radar Light Control</Discription>
  </Clickabledata>
  <!-- Detrola receiver -->
  <Clickabledata>
    <ID>90</ID>
    <DeviceID>26</DeviceID>
    <ButtonID>1</ButtonID>
    <Discription>Detrola Frequency Selector (rotary)</Discription>
  </Clickabledata>
  <Clickabledata>
    <ID>91</ID>
    <DeviceID>26</DeviceID>
    <ButtonID>2</ButtonID>
    <Discription>Detrola Volume (rotary)</Discription>
  </Clickabledata>
  <!-- SCR-695 -->
  <Clickabledata>
    <ID>92</ID>
    <DeviceID>27</DeviceID>
    <ButtonID>1</ButtonID>
    <Discription>IFF Power On/Off</Discription>
  </Clickabledata>
  <Clickabledata>
    <ID>93</ID>
    <DeviceID>27</DeviceID>
    <ButtonID>5</ButtonID>
    <Discription>FF Distress Signal</Discription>
  </Clickabledata>
  <Clickabledata>
    <ID>94</ID>
    <DeviceID>27</DeviceID>
    <ButtonID>4</ButtonID>
    <Discription>IFF Detonator Circuit On/Off</Discription>
  </Clickabledata>
  <Clickabledata>
    <ID>95</ID>
    <DeviceID>27</DeviceID>
    <ButtonID>7</ButtonID>
    <Discription>IFF Detonator Left</Discription>
  </Clickabledata>
  <Clickabledata>
    <ID>96</ID>
    <DeviceID>27</DeviceID>
    <ButtonID>8</ButtonID>
    <Discription>IFF Detonator Right</Discription>
  </Clickabledata>
  <Clickabledata>
    <ID>97</ID>
    <DeviceID>27</DeviceID>
    <ButtonID>3</ButtonID>
    <Discription>IFF TIME/OFF/ON</Discription>
  </Clickabledata>
  <Clickabledata>
    <ID>98</ID>
    <DeviceID>27</DeviceID>
    <ButtonID>2</ButtonID>
    <Discription>IFF Code Selector</Discription>
  </Clickabledata>
  <!-- AN/ARA-8 -->
  <Clickabledata>
    <ID>99</ID>
    <DeviceID>28</DeviceID>
    <ButtonID>1</ButtonID>
    <Discription>Homing Adapter Mode</Discription>
  </Clickabledata>
  <Clickabledata>
    <ID>100</ID>
    <DeviceID>28</DeviceID>
    <ButtonID>3</ButtonID>
    <Discription>Homing Adapter's Circuit Breaker</Discription>
  </Clickabledata>
  <Clickabledata>
    <ID>101</ID>
    <DeviceID>28</DeviceID>
    <ButtonID>2</ButtonID>
    <Discription>Homing Adapter On/Off</Discription>
  </Clickabledata>
  <!-- ACCELEROMETER -->
  <Clickabledata>
    <ID>102</ID>
    <DeviceID>30</DeviceID>
    <ButtonID>1</ButtonID>
    <Discription>G-meter reset</Discription>
  </Clickabledata>
  <Devices>
    <DeviceID>1</DeviceID>
    <Discription>K14_GUNSIGHT</Discription>
  </Devices>
  <Devices>
    <DeviceID>3</DeviceID>
    <Discription>HYDRAULIC_SYSTEM</Discription>
  </Devices>
  <Devices>
    <DeviceID>4</DeviceID>
    <Discription>WEAPON_CONTROL</Discription>
  </Devices>
  <Devices>
    <DeviceID>5</DeviceID>
    <Discription>ENGINE_SYSTEM</Discription>
  </Devices>
  <Devices>
    <DeviceID>6</DeviceID>
    <Discription>CPT_MECH</Discription>
  </Devices>
  <Devices>
    <DeviceID>7</DeviceID>
    <Discription>OXYGEN_SYSTEM</Discription>
  </Devices>
  <Devices>
    <DeviceID>9</DeviceID>
    <Discription>FUEL_SYSTEM</Discription>
  </Devices>
  <Devices>
    <DeviceID>10</DeviceID>
    <Discription>LIGHT_SYSTEM</Discription>
  </Devices>
  <Devices>
    <DeviceID>11</DeviceID>
    <Discription>ENVIRONMENT_SYSTEM</Discription>
  </Devices>
  <Devices>
    <DeviceID>12</DeviceID>
    <Discription>CONTROL_SYSTEM</Discription>
  </Devices>
  <Devices>
    <DeviceID>13</DeviceID>
    <Discription>FRONT_SWITCH_BOX</Discription>
  </Devices>
  <Devices>
    <DeviceID>14</DeviceID>
    <Discription>RIGHT_SWITCH_PANEL</Discription>
  </Devices>
  <Devices>
    <DeviceID>15</DeviceID>
    <Discription>ENGINE_CONTROL_PANEL</Discription>
  </Devices>
  <Devices>
    <DeviceID>17</DeviceID>
    <Discription>ALTIMETER</Discription>
  </Devices>
  <Devices>
    <DeviceID>19</DeviceID>
    <Discription>ARTIFICIAL_HORIZON</Discription>
  </Devices>
  <Devices>
    <DeviceID>20</DeviceID>
    <Discription>DIRECTIONAL_GYRO</Discription>
  </Devices>
  <Devices>
    <DeviceID>22</DeviceID>
    <Discription>CLOCK</Discription>
  </Devices>
  <Devices>
    <DeviceID>23</DeviceID>
    <Discription>REMOTE_COMPASS</Discription>
  </Devices>
  <Devices>
    <DeviceID>24</DeviceID>
    <Discription>VHF_RADIO</Discription>
  </Devices>
  <Devices>
    <DeviceID>25</DeviceID>
    <Discription>TAIL_WARNING_RADAR</Discription>
  </Devices>
  <Devices>
    <DeviceID>26</DeviceID>
    <Discription>DETROLA</Discription>
  </Devices>
  <Devices>
    <DeviceID>27</DeviceID>
    <Discription>IFF</Discription>
  </Devices>
  <Devices>
    <DeviceID>28</DeviceID>
    <Discription>HOMING_ADAPTER</Discription>
  </Devices>
  <Devices>
    <DeviceID>30</DeviceID>
    <Discription>ACCELEROMETER</Discription>
  </Devices>
</DTADataSet>