<?xml version="1.0" standalone="yes"?>
<DTADataSet>
  <!-- WeaponStatusPanel -->
  <DCS_ID>
    <ExportID>100</ExportID>
    <Description>Display Cannon shells</Description>
    <ExportIDWithDescription>100 - Display Cannon shells</ExportIDWithDescription>
  </DCS_ID>
  <DCS_ID>
    <ExportID>101</ExportID>
    <Description>Station 1 used</Description>
    <ExportIDWithDescription>101 - Station 1 used</ExportIDWithDescription>
  </DCS_ID>
  <DCS_ID>
    <ExportID>102</ExportID>
    <Description>Station 2 used</Description>
    <ExportIDWithDescription>102 - Station 2 used</ExportIDWithDescription>
  </DCS_ID>
  <DCS_ID>
    <ExportID>103</ExportID>
    <Description>Station 3 used</Description>
    <ExportIDWithDescription>103 - Station 3 used</ExportIDWithDescription>
  </DCS_ID>
  <DCS_ID>
    <ExportID>104</ExportID>
    <Description>Station 4 used</Description>
    <ExportIDWithDescription>104 - Station 4 used</ExportIDWithDescription>
  </DCS_ID>
  <DCS_ID>
    <ExportID>105</ExportID>
    <Description>Station 5 used</Description>
    <ExportIDWithDescription>105 - Station 5 used</ExportIDWithDescription>
  </DCS_ID>
  <DCS_ID>
    <ExportID>106</ExportID>
    <Description>Station 6 used</Description>
    <ExportIDWithDescription>106 - Station 6 used</ExportIDWithDescription>
  </DCS_ID>
  <DCS_ID>
    <ExportID>201</ExportID>
    <Description>Station 1 active</Description>
    <ExportIDWithDescription>201 - Station 1 active</ExportIDWithDescription>
  </DCS_ID>
  <DCS_ID>
    <ExportID>202</ExportID>
    <Description>Station 2 active</Description>
    <ExportIDWithDescription>202 - Station 2 active</ExportIDWithDescription>
  </DCS_ID>
  <DCS_ID>
    <ExportID>203</ExportID>
    <Description>Station 3 active</Description>
    <ExportIDWithDescription>203 - Station 3 active</ExportIDWithDescription>
  </DCS_ID>
  <DCS_ID>
    <ExportID>204</ExportID>
    <Description>Station 4 active</Description>
    <ExportIDWithDescription>204 - Station 4 active</ExportIDWithDescription>
  </DCS_ID>
  <DCS_ID>
    <ExportID>205</ExportID>
    <Description>Station 5 active</Description>
    <ExportIDWithDescription>205 - Station 5 active</ExportIDWithDescription>
  </DCS_ID>
  <DCS_ID>
    <ExportID>206</ExportID>
    <Description>Station 6 active</Description>
    <ExportIDWithDescription>206 - Station 6 active</ExportIDWithDescription>
  </DCS_ID>
  <!-- FuelQuantityIndicator -->
  <DCS_ID>
    <ExportID>300</ExportID>
    <Description>Display Total fuel</Description>
    <ExportIDWithDescription>300 - Display Total fuel</ExportIDWithDescription>
  </DCS_ID>
  <DCS_ID>
    <ExportID>303</ExportID>
    <Description>outside external tanks empty</Description>
    <ExportIDWithDescription>303 - outside external tanks empty</ExportIDWithDescription>
  </DCS_ID>
  <DCS_ID>
    <ExportID>304</ExportID>
    <Description>inside external tanks empty</Description>
    <ExportIDWithDescription>304 - inside external tanks empty</ExportIDWithDescription>
  </DCS_ID>
  <DCS_ID>
    <ExportID>305</ExportID>
    <Description>internal wing tanks empty</Description>
    <ExportIDWithDescription>305 - internal wing tanks empty</ExportIDWithDescription>
  </DCS_ID>
  <DCS_ID>
    <ExportID>306</ExportID>
    <Description>internal hull tank empty</Description>
    <ExportIDWithDescription>306 - internal hull tank empty</ExportIDWithDescription>
  </DCS_ID>
  <DCS_ID>
    <ExportID>308</ExportID>
    <Description>Bingo fuel</Description>
    <ExportIDWithDescription>308 - Bingo fuel</ExportIDWithDescription>
  </DCS_ID>
  <!-- SPO15RWR -->
  <DCS_ID>
    <ExportID>401</ExportID>
    <Description>SPO15 primary left back side</Description>
    <ExportIDWithDescription>401 - SPO15 primary left back side</ExportIDWithDescription>
  </DCS_ID>
  <DCS_ID>
    <ExportID>402</ExportID>
    <Description>SPO15 primary left 90 degree</Description>
    <ExportIDWithDescription>402 - SPO15 primary left 90 degree</ExportIDWithDescription>
  </DCS_ID>
  <DCS_ID>
    <ExportID>403</ExportID>
    <Description>SPO15 primary left 50 degree</Description>
    <ExportIDWithDescription>403 - SPO15 primary left 50 degree</ExportIDWithDescription>
  </DCS_ID>
  <DCS_ID>
    <ExportID>404</ExportID>
    <Description>SPO15 primary left 30 degree</Description>
    <ExportIDWithDescription>404 - SPO15 primary left 30 degree</ExportIDWithDescription>
  </DCS_ID>
  <DCS_ID>
    <ExportID>405</ExportID>
    <Description>SPO15 primary left 10 degree</Description>
    <ExportIDWithDescription>405 - SPO15 primary left 10 degree</ExportIDWithDescription>
  </DCS_ID>
  <DCS_ID>
    <ExportID>406</ExportID>
    <Description>SPO15 primary right 10 degree</Description>
    <ExportIDWithDescription>406 - SPO15 primary right 10 degree</ExportIDWithDescription>
  </DCS_ID>
  <DCS_ID>
    <ExportID>407</ExportID>
    <Description>SPO15 primary right 30 degree</Description>
    <ExportIDWithDescription>407 - SPO15 primary right 30 degree</ExportIDWithDescription>
  </DCS_ID>
  <DCS_ID>
    <ExportID>408</ExportID>
    <Description>SPO15 primary right 50 degree</Description>
    <ExportIDWithDescription>408 - SPO15 primary right 50 degree</ExportIDWithDescription>
  </DCS_ID>
  <DCS_ID>
    <ExportID>409</ExportID>
    <Description>SPO15 primary right 90 degree</Description>
    <ExportIDWithDescription>409 - SPO15 primary right 90 degree</ExportIDWithDescription>
  </DCS_ID>
  <DCS_ID>
    <ExportID>410</ExportID>
    <Description>SPO15 primary right back side</Description>
    <ExportIDWithDescription>410 - SPO15 primary right back side</ExportIDWithDescription>
  </DCS_ID>
  <DCS_ID>
    <ExportID>411</ExportID>
    <Description>SPO15 1. Power lamp</Description>
    <ExportIDWithDescription>411 - SPO15 1. Power lamp</ExportIDWithDescription>
  </DCS_ID>
  <DCS_ID>
    <ExportID>412</ExportID>
    <Description>SPO15 2. Power lamp</Description>
    <ExportIDWithDescription>412 - SPO15 2. Power lamp</ExportIDWithDescription>
  </DCS_ID>
  <DCS_ID>
    <ExportID>413</ExportID>
    <Description>SPO15 3. Power lamp</Description>
    <ExportIDWithDescription>413 - SPO15 3. Power lamp</ExportIDWithDescription>
  </DCS_ID>
  <DCS_ID>
    <ExportID>414</ExportID>
    <Description>SPO15 4. Power lamp</Description>
    <ExportIDWithDescription>414 - SPO15 4. Power lamp</ExportIDWithDescription>
  </DCS_ID>
  <DCS_ID>
    <ExportID>415</ExportID>
    <Description>SPO15 5. Power lamp</Description>
    <ExportIDWithDescription>415 - SPO15 5. Power lamp</ExportIDWithDescription>
  </DCS_ID>
  <DCS_ID>
    <ExportID>416</ExportID>
    <Description>SPO15 6. Power lamp</Description>
    <ExportIDWithDescription>416 - SPO15 6. Power lamp</ExportIDWithDescription>
  </DCS_ID>
  <DCS_ID>
    <ExportID>417</ExportID>
    <Description>SPO15 7. Power lamp</Description>
    <ExportIDWithDescription>417 - SPO15 7. Power lamp</ExportIDWithDescription>
  </DCS_ID>
  <DCS_ID>
    <ExportID>418</ExportID>
    <Description>SPO15 8. Power lamp</Description>
    <ExportIDWithDescription>418 - SPO15 8. Power lamp</ExportIDWithDescription>
  </DCS_ID>
  <DCS_ID>
    <ExportID>419</ExportID>
    <Description>SPO15 9. Power lamp</Description>
    <ExportIDWithDescription>419 - SPO15 9. Power lamp</ExportIDWithDescription>
  </DCS_ID>
  <DCS_ID>
    <ExportID>420</ExportID>
    <Description>SPO15 10. Power lamp</Description>
    <ExportIDWithDescription>420 - SPO15 10. Power lamp</ExportIDWithDescription>
  </DCS_ID>
  <DCS_ID>
    <ExportID>421</ExportID>
    <Description>SPO15 11. Power lamp</Description>
    <ExportIDWithDescription>421 - SPO15 11. Power lamp</ExportIDWithDescription>
  </DCS_ID>
  <DCS_ID>
    <ExportID>422</ExportID>
    <Description>SPO15 12. Power lamp</Description>
    <ExportIDWithDescription>422 - SPO15 12. Power lamp</ExportIDWithDescription>
  </DCS_ID>
  <DCS_ID>
    <ExportID>423</ExportID>
    <Description>SPO15 13. Power lamp</Description>
    <ExportIDWithDescription>423 - SPO15 13. Power lamp</ExportIDWithDescription>
  </DCS_ID>
  <DCS_ID>
    <ExportID>424</ExportID>
    <Description>SPO15 14. Power lamp</Description>
    <ExportIDWithDescription>424 - SPO15 14. Power lamp</ExportIDWithDescription>
  </DCS_ID>
  <DCS_ID>
    <ExportID>425</ExportID>
    <Description>SPO15 15. Power lamp</Description>
    <ExportIDWithDescription>425 - SPO15 15. Power lamp</ExportIDWithDescription>
  </DCS_ID>
  <DCS_ID>
    <ExportID>430</ExportID>
    <Description>SPO15 primary Air radar</Description>
    <ExportIDWithDescription>430 - SPO15 primary Air radar</ExportIDWithDescription>
  </DCS_ID>
  <DCS_ID>
    <ExportID>431</ExportID>
    <Description>SPO15 primary Long range radar</Description>
    <ExportIDWithDescription>431 - SPO15 primary Long range radar</ExportIDWithDescription>
  </DCS_ID>
  <DCS_ID>
    <ExportID>432</ExportID>
    <Description>SPO15 primary Mid range radar</Description>
    <ExportIDWithDescription>432 - SPO15 primary Mid range radar</ExportIDWithDescription>
  </DCS_ID>
  <DCS_ID>
    <ExportID>433</ExportID>
    <Description>SPO15 primary Short range radar</Description>
    <ExportIDWithDescription>433 - SPO15 primary Short range radar</ExportIDWithDescription>
  </DCS_ID>
  <DCS_ID>
    <ExportID>434</ExportID>
    <Description>SPO15 primary EWR</Description>
    <ExportIDWithDescription>434 - SPO15 primary EWR</ExportIDWithDescription>
  </DCS_ID>
  <DCS_ID>
    <ExportID>435</ExportID>
    <Description>SPO15 primary AWACS</Description>
    <ExportIDWithDescription>435 - SPO15 primary AWACS</ExportIDWithDescription>
  </DCS_ID>
  <DCS_ID>
    <ExportID>440</ExportID>
    <Description>SPO15 Radar Lock</Description>
    <ExportIDWithDescription>440 - SPO15 Radar Lock</ExportIDWithDescription>
  </DCS_ID>
  <DCS_ID>
    <ExportID>441</ExportID>
    <Description>SPO15 Missil arlam</Description>
    <ExportIDWithDescription>441 - SPO15 Missil arlam</ExportIDWithDescription>
  </DCS_ID>
  <DCS_ID>
    <ExportID>442</ExportID>
    <Description>SPO15 Top hemisphere</Description>
    <ExportIDWithDescription>442 - SPO15 Top hemisphere</ExportIDWithDescription>
  </DCS_ID>
  <DCS_ID>
    <ExportID>443</ExportID>
    <Description>SPO15 Bottom hemisphere</Description>
    <ExportIDWithDescription>443 - SPO15 Bottom hemisphere</ExportIDWithDescription>
  </DCS_ID>
  <DCS_ID>
    <ExportID>451</ExportID>
    <Description>SPO15 secoundary left back side</Description>
    <ExportIDWithDescription>451 - SPO15 secoundary left back side</ExportIDWithDescription>
  </DCS_ID>
  <DCS_ID>
    <ExportID>452</ExportID>
    <Description>SPO15 secoundary left 90 degree</Description>
    <ExportIDWithDescription>452 - SPO15 secoundary left 90 degree</ExportIDWithDescription>
  </DCS_ID>
  <DCS_ID>
    <ExportID>453</ExportID>
    <Description>SPO15 secoundary left 50 degree</Description>
    <ExportIDWithDescription>453 - SPO15 secoundary left 50 degree</ExportIDWithDescription>
  </DCS_ID>
  <DCS_ID>
    <ExportID>454</ExportID>
    <Description>SPO15 secoundary left 30 degree</Description>
    <ExportIDWithDescription>454 - SPO15 secoundary left 30 degree</ExportIDWithDescription>
  </DCS_ID>
  <DCS_ID>
    <ExportID>455</ExportID>
    <Description>SPO15 secoundary left 10 degree</Description>
    <ExportIDWithDescription>455 - SPO15 secoundary left 10 degree</ExportIDWithDescription>
  </DCS_ID>
  <DCS_ID>
    <ExportID>456</ExportID>
    <Description>SPO15 secoundary right 10 degree</Description>
    <ExportIDWithDescription>456 - SPO15 secoundary right 10 degree</ExportIDWithDescription>
  </DCS_ID>
  <DCS_ID>
    <ExportID>457</ExportID>
    <Description>SPO15 secoundary right 30 degree</Description>
    <ExportIDWithDescription>457 - SPO15 secoundary right 30 degree</ExportIDWithDescription>
  </DCS_ID>
  <DCS_ID>
    <ExportID>458</ExportID>
    <Description>SPO15 secoundary right 50 degree</Description>
    <ExportIDWithDescription>458 - SPO15 secoundary right50 degree</ExportIDWithDescription>
  </DCS_ID>
  <DCS_ID>
    <ExportID>459</ExportID>
    <Description>SPO15 secoundary right 90 degree</Description>
    <ExportIDWithDescription>459 - SPO15 secoundary right 90 degree</ExportIDWithDescription>
  </DCS_ID>
  <DCS_ID>
    <ExportID>460</ExportID>
    <Description>SPO15 secoundary right back side</Description>
    <ExportIDWithDescription>460 - SPO15 secoundary right back side</ExportIDWithDescription>
  </DCS_ID>
  <DCS_ID>
    <ExportID>470</ExportID>
    <Description>SPO15 secoundary Air radar</Description>
    <ExportIDWithDescription>470 - SPO15 secoundary Air radar</ExportIDWithDescription>
  </DCS_ID>
  <DCS_ID>
    <ExportID>471</ExportID>
    <Description>SPO15 secoundary Long range radar</Description>
    <ExportIDWithDescription>471 - SPO15 secoundary Long range radar</ExportIDWithDescription>
  </DCS_ID>
  <DCS_ID>
    <ExportID>472</ExportID>
    <Description>SPO15 secoundary Mid range radar</Description>
    <ExportIDWithDescription>472 - SPO15 secoundary Mid range radar</ExportIDWithDescription>
  </DCS_ID>
  <DCS_ID>
    <ExportID>473</ExportID>
    <Description>SPO15 secoundary Short range radar</Description>
    <ExportIDWithDescription>473 - SPO15 secoundary Short range radar</ExportIDWithDescription>
  </DCS_ID>
  <DCS_ID>
    <ExportID>474</ExportID>
    <Description>SPO15 secoundary EWR</Description>
    <ExportIDWithDescription>474 - SPO15 secoundary EWR</ExportIDWithDescription>
  </DCS_ID>
  <DCS_ID>
    <ExportID>475</ExportID>
    <Description>SPO15 secoundary AWACS</Description>
    <ExportIDWithDescription>475 - SPO15 secoundary AWACS</ExportIDWithDescription>
  </DCS_ID>
  <!-- MechanicalDevicesIndicator -->
  <DCS_ID>
    <ExportID>500</ExportID>
    <Description>Gear warning light</Description>
    <ExportIDWithDescription>500 - Gear warning light</ExportIDWithDescription>
  </DCS_ID>
  <DCS_ID>
    <ExportID>501</ExportID>
    <Description>Nose Gear</Description>
    <ExportIDWithDescription>501 - Nose Gear</ExportIDWithDescription>
  </DCS_ID>
  <DCS_ID>
    <ExportID>502</ExportID>
    <Description>Left Gear</Description>
    <ExportIDWithDescription>502 - Left Gear</ExportIDWithDescription>
  </DCS_ID>
  <DCS_ID>
    <ExportID>503</ExportID>
    <Description>Right Gear</Description>
    <ExportIDWithDescription>503 - Right Gear</ExportIDWithDescription>
  </DCS_ID>
  <DCS_ID>
    <ExportID>510</ExportID>
    <Description>Speedbrakes</Description>
    <ExportIDWithDescription>510 - Speedbrakes</ExportIDWithDescription>
  </DCS_ID>
  <DCS_ID>
    <ExportID>531</ExportID>
    <Description>Flaps 1</Description>
    <ExportIDWithDescription>531 - Flaps 1</ExportIDWithDescription>
  </DCS_ID>
  <DCS_ID>
    <ExportID>532</ExportID>
    <Description>Flaps 2</Description>
    <ExportIDWithDescription>532 - Flaps 2</ExportIDWithDescription>
  </DCS_ID>
  <DCS_ID>
    <ExportID>533</ExportID>
    <Description>Gear warning light, blinking</Description>
    <ExportIDWithDescription>533 - Gear warning light, blinking</ExportIDWithDescription>
  </DCS_ID>
  <!-- SightingSystem -->
  <DCS_ID>
    <ExportID>600</ExportID>
    <Description>ECM on</Description>
    <ExportIDWithDescription>600 - ECM on</ExportIDWithDescription>
  </DCS_ID>
  <DCS_ID>
    <ExportID>601</ExportID>
    <Description>Laser on</Description>
    <ExportIDWithDescription>601 - Laser on</ExportIDWithDescription>
  </DCS_ID>
  <DCS_ID>
    <ExportID>603</ExportID>
    <Description>Launch Authorized</Description>
    <ExportIDWithDescription>603 - Launch Authorized</ExportIDWithDescription>
  </DCS_ID>
  <!-- StatusLamp -->
  <DCS_ID>
    <ExportID>700</ExportID>
    <Description>LeftTailPlaneFailure</Description>
    <ExportIDWithDescription>700 - LeftTailPlaneFailure</ExportIDWithDescription>
  </DCS_ID>
  <DCS_ID>
    <ExportID>701</ExportID>
    <Description>RightTailPlaneFailure</Description>
    <ExportIDWithDescription>701 - RightTailPlaneFailure</ExportIDWithDescription>
  </DCS_ID>
  <DCS_ID>
    <ExportID>702</ExportID>
    <Description>MasterWarning</Description>
    <ExportIDWithDescription>702 - MasterWarning</ExportIDWithDescription>
  </DCS_ID>
  <DCS_ID>
    <ExportID>703</ExportID>
    <Description>LeftEngineFailure</Description>
    <ExportIDWithDescription>703 - LeftEngineFailure</ExportIDWithDescription>
  </DCS_ID>
  <DCS_ID>
    <ExportID>704</ExportID>
    <Description>RightEngineFailure</Description>
    <ExportIDWithDescription>704 - RightEngineFailure</ExportIDWithDescription>
  </DCS_ID>
  <DCS_ID>
    <ExportID>705</ExportID>
    <Description>LeftAileronFailure</Description>
    <ExportIDWithDescription>705 - LeftAileronFailure</ExportIDWithDescription>
  </DCS_ID>
  <DCS_ID>
    <ExportID>706</ExportID>
    <Description>RightAileronFailure</Description>
    <ExportIDWithDescription>706 - RightAileronFailure</ExportIDWithDescription>
  </DCS_ID>
  <DCS_ID>
    <ExportID>707</ExportID>
    <Description>LeftMainPumpFailure</Description>
    <ExportIDWithDescription>707 - LeftMainPumpFailure</ExportIDWithDescription>
  </DCS_ID>
  <DCS_ID>
    <ExportID>708</ExportID>
    <Description>RightMainPumpFailure</Description>
    <ExportIDWithDescription>708 - RightMainPumpFailure</ExportIDWithDescription>
  </DCS_ID>
  <DCS_ID>
    <ExportID>709</ExportID>
    <Description>LeftWingPumpFailure</Description>
    <ExportIDWithDescription>709 - LeftWingPumpFailure</ExportIDWithDescription>
  </DCS_ID>
  <DCS_ID>
    <ExportID>710</ExportID>
    <Description>RightWingPumpFailure</Description>
    <ExportIDWithDescription>710 - RightWingPumpFailure</ExportIDWithDescription>
  </DCS_ID>
  <DCS_ID>
    <ExportID>711</ExportID>
    <Description>EOSFailure</Description>
    <ExportIDWithDescription>711 - EOSFailure</ExportIDWithDescription>
  </DCS_ID>
  <DCS_ID>
    <ExportID>712</ExportID>
    <Description>ECMFailure</Description>
    <ExportIDWithDescription>712 - ECMFailure</ExportIDWithDescription>
  </DCS_ID>
  <DCS_ID>
    <ExportID>713</ExportID>
    <Description>CannonFailure</Description>
    <ExportIDWithDescription>713 - CannonFailure</ExportIDWithDescription>
  </DCS_ID>
  <DCS_ID>
    <ExportID>714</ExportID>
    <Description>MLWSFailure</Description>
    <ExportIDWithDescription>714 - MLWSFailure</ExportIDWithDescription>
  </DCS_ID>
  <DCS_ID>
    <ExportID>715</ExportID>
    <Description>ACSFailure</Description>
    <ExportIDWithDescription>715 - ACSFailure</ExportIDWithDescription>
  </DCS_ID>
  <DCS_ID>
    <ExportID>716</ExportID>
    <Description>RadarFailure</Description>
    <ExportIDWithDescription>716 - RadarFailure</ExportIDWithDescription>
  </DCS_ID>
  <DCS_ID>
    <ExportID>717</ExportID>
    <Description>HelmetFailure</Description>
    <ExportIDWithDescription>717 - HelmetFailure</ExportIDWithDescription>
  </DCS_ID>
  <DCS_ID>
    <ExportID>718</ExportID>
    <Description>HUDFailure</Description>
    <ExportIDWithDescription>718 - HUDFailure</ExportIDWithDescription>
  </DCS_ID>
  <DCS_ID>
    <ExportID>719</ExportID>
    <Description>MFDFailure</Description>
    <ExportIDWithDescription>719 - MFDFailure</ExportIDWithDescription>
  </DCS_ID>
  <DCS_ID>
    <ExportID>720</ExportID>
    <Description>RWSFailure</Description>
    <ExportIDWithDescription>720 - RWSFailure</ExportIDWithDescription>
  </DCS_ID>
  <DCS_ID>
    <ExportID>721</ExportID>
    <Description>GearFailure</Description>
    <ExportIDWithDescription>721 - GearFailure</ExportIDWithDescription>
  </DCS_ID>
   <DCS_ID>
    <ExportID>722</ExportID>
    <Description>HydraulicsFailure</Description>
    <ExportIDWithDescription>722 - HydraulicsFailure</ExportIDWithDescription>
  </DCS_ID>
  <DCS_ID>
    <ExportID>723</ExportID>
    <Description>AutopilotFailure</Description>
    <ExportIDWithDescription>723 - AutopilotFailure</ExportIDWithDescription>
  </DCS_ID>
  <DCS_ID>
    <ExportID>724</ExportID>
    <Description>FuelTankDamage</Description>
    <ExportIDWithDescription>724 - FuelTankDamage</ExportIDWithDescription>
  </DCS_ID>
  <DCS_ID>
    <ExportID>725</ExportID>
    <Description>CanopyOpen</Description>
    <ExportIDWithDescription>725 - CanopyOpen</ExportIDWithDescription>
  </DCS_ID>
  <DCS_ID>
    <ExportID>726</ExportID>
    <Description>StallSignalization</Description>
    <ExportIDWithDescription>726 - StallSignalization</ExportIDWithDescription>
  </DCS_ID>
  <DCS_ID>
    <ExportID>727</ExportID>
    <Description>AutopilotOn</Description>
    <ExportIDWithDescription>727 - AutopilotOn</ExportIDWithDescription>
  </DCS_ID>
  <DCS_ID>
    <ExportID>728</ExportID>
    <Description>EngineStart left</Description>
    <ExportIDWithDescription>728 - EngineStart left</ExportIDWithDescription>
  </DCS_ID>
  <DCS_ID>
    <ExportID>729</ExportID>
    <Description>EngineStart right</Description>
    <ExportIDWithDescription>729 - EngineStart right</ExportIDWithDescription>
  </DCS_ID>
  <DCS_ID>
    <ExportID>730</ExportID>
    <Description>AOA Warning</Description>
    <ExportIDWithDescription>730 - AOA Warning</ExportIDWithDescription>
  </DCS_ID>
</DTADataSet>