<?xml version="1.0" standalone="yes"?>
<DTADataSet>
  <!-- Main Panel -->
  <DCS_ID>
    <ExportID>277</ExportID>
    <Description>Lamp MASTER</Description>
    <ExportIDWithDescription>277 - Lamp MASTER</ExportIDWithDescription>
  </DCS_ID>
  <DCS_ID>
    <ExportID>276</ExportID>
    <Description>Lamp LOW_RPM</Description>
    <ExportIDWithDescription>276 - Lamp LOW_RPM</ExportIDWithDescription>
  </DCS_ID>
  <DCS_ID>
    <ExportID>275</ExportID>
    <Description>Lamp FIRE</Description>
    <ExportIDWithDescription>275 - Lamp FIRE</ExportIDWithDescription>
  </DCS_ID>
  <!-- Beacon -->
  <DCS_ID>
    <ExportID>56</ExportID>
    <Description>Lamp Marker_Beacon</Description>
    <ExportIDWithDescription>56 - Lamp Marker_Beacon</ExportIDWithDescription>
  </DCS_ID>
  <!-- Lights -->
  <DCS_ID>
    <ExportID>279</ExportID>
    <Description>Light ConsoleLight</Description>
    <ExportIDWithDescription>279 - Light ConsoleLight</ExportIDWithDescription>
  </DCS_ID>
  <DCS_ID>
    <ExportID>410</ExportID>
    <Description>Light DomeLight</Description>
    <ExportIDWithDescription>410 - Light DomeLight</ExportIDWithDescription>
  </DCS_ID>
  <DCS_ID>
    <ExportID>411</ExportID>
    <Description>Light DomeLightGreen</Description>
    <ExportIDWithDescription>411 - Light DomeLightGreen</ExportIDWithDescription>
  </DCS_ID>
  <!-- Caution Panel -->
  <DCS_ID>
    <ExportID>91</ExportID>
    <Description>Lamp ENGINE_OIL_PRESS</Description>
    <ExportIDWithDescription>91 - Lamp ENGINE_OIL_PRESS</ExportIDWithDescription>
  </DCS_ID>
  <DCS_ID>
    <ExportID>92</ExportID>
    <Description>Lamp ENGINE_ICING</Description>
    <ExportIDWithDescription>92 - Lamp ENGINE_ICING</ExportIDWithDescription>
  </DCS_ID>
  <DCS_ID>
    <ExportID>93</ExportID>
    <Description>Lamp ENGINE_ICE_JET</Description>
    <ExportIDWithDescription>93 - Lamp ENGINE_ICE_JET</ExportIDWithDescription>
  </DCS_ID>
  <DCS_ID>
    <ExportID>94</ExportID>
    <Description>Lamp ENGINE_CHIP_DET</Description>
    <ExportIDWithDescription>94 - Lamp ENGINE_CHIP_DET</ExportIDWithDescription>
  </DCS_ID>
  <DCS_ID>
    <ExportID>95</ExportID>
    <Description>Lamp LEFT_FUEL_BOOST</Description>
    <ExportIDWithDescription>95 - Lamp LEFT_FUEL_BOOST</ExportIDWithDescription>
  </DCS_ID>
  <DCS_ID>
    <ExportID>96</ExportID>
    <Description>Lamp RIGHT_FUEL_BOOST</Description>
    <ExportIDWithDescription>96 - Lamp RIGHT_FUEL_BOOST</ExportIDWithDescription>
  </DCS_ID>
  <DCS_ID>
    <ExportID>97</ExportID>
    <Description>Lamp ENG_FUEL_PUMP</Description>
    <ExportIDWithDescription>97 - Lamp ENG_FUEL_PUMP</ExportIDWithDescription>
  </DCS_ID>
  <DCS_ID>
    <ExportID>98</ExportID>
    <Description>Lamp 20_MINUTE</Description>
    <ExportIDWithDescription>98 - Lamp 20_MINUTE</ExportIDWithDescription>
  </DCS_ID>
  <DCS_ID>
    <ExportID>99</ExportID>
    <Description>Lamp FUEL_FILTER</Description>
    <ExportIDWithDescription>99 - Lamp FUEL_FILTER</ExportIDWithDescription>
  </DCS_ID>
  <DCS_ID>
    <ExportID>100</ExportID>
    <Description>Lamp GOV_EMERG</Description>
    <ExportIDWithDescription>100 - Lamp GOV_EMERG</ExportIDWithDescription>
  </DCS_ID>
  <DCS_ID>
    <ExportID>101</ExportID>
    <Description>Lamp AUX_FUEL_LOW</Description>
    <ExportIDWithDescription>101 - Lamp AUX_FUEL_LOW</ExportIDWithDescription>
  </DCS_ID>
  <DCS_ID>
    <ExportID>102</ExportID>
    <Description>Lamp XMSN_OIL_PRESS</Description>
    <ExportIDWithDescription>102 - Lamp XMSN_OIL_PRESS</ExportIDWithDescription>
  </DCS_ID>
  <DCS_ID>
    <ExportID>103</ExportID>
    <Description>Lamp XMSN_OIL_HOT</Description>
    <ExportIDWithDescription>103 - Lamp XMSN_OIL_HOT</ExportIDWithDescription>
  </DCS_ID>
  <DCS_ID>
    <ExportID>104</ExportID>
    <Description>Lamp HYD_PRESSURE</Description>
    <ExportIDWithDescription>104 - Lamp HYD_PRESSURE</ExportIDWithDescription>
  </DCS_ID>
  <DCS_ID>
    <ExportID>105</ExportID>
    <Description>Lamp ENGINE_INLET_AIR</Description>
    <ExportIDWithDescription>105 - Lamp ENGINE_INLET_AIR</ExportIDWithDescription>
  </DCS_ID>
  <DCS_ID>
    <ExportID>106</ExportID>
    <Description>Lamp INST_INVERTER</Description>
    <ExportIDWithDescription>106 - Lamp INST_INVERTER</ExportIDWithDescription>
  </DCS_ID>
  <DCS_ID>
    <ExportID>107</ExportID>
    <Description>Lamp DC_GENERATOR</Description>
    <ExportIDWithDescription>107 - Lamp DC_GENERATOR</ExportIDWithDescription>
  </DCS_ID>
  <DCS_ID>
    <ExportID>108</ExportID>
    <Description>Lamp EXTERNAL_POWER</Description>
    <ExportIDWithDescription>108 - Lamp EXTERNAL_POWER</ExportIDWithDescription>
  </DCS_ID>
  <DCS_ID>
    <ExportID>109</ExportID>
    <Description>Lamp CHIP_DETECTOR</Description>
    <ExportIDWithDescription>109 - Lamp CHIP_DETECTOR</ExportIDWithDescription>
  </DCS_ID>
  <DCS_ID>
    <ExportID>110</ExportID>
    <Description>Lamp IFF</Description>
    <ExportIDWithDescription>110 - Lamp IFF</ExportIDWithDescription>
  </DCS_ID>
  <!-- M21 -->
  <DCS_ID>
    <ExportID>254</ExportID>
    <Description>Lamp M21_ARMED</Description>
    <ExportIDWithDescription>254 - Lamp M21_ARMED</ExportIDWithDescription>
  </DCS_ID>
  <DCS_ID>
    <ExportID>255</ExportID>
    <Description>Lamp M21_SAFE</Description>
    <ExportIDWithDescription>255 - Lamp M21_SAFE</ExportIDWithDescription>
  </DCS_ID>
  <!-- XM130 -->
  <DCS_ID>
    <ExportID>458</ExportID>
    <Description>Lamp XM130_ARMED</Description>
    <ExportIDWithDescription>458 - Lamp XM130_ARMED</ExportIDWithDescription>
  </DCS_ID>
  <!-- IFF -->
  <DCS_ID>
    <ExportID>76</ExportID>
    <Description>Lamp IFF_REPLY</Description>
    <ExportIDWithDescription>76 - Lamp IFF_REPLY</ExportIDWithDescription>
  </DCS_ID>
  <DCS_ID>
    <ExportID>77</ExportID>
    <Description>Lamp IFF_TEST</Description>
    <ExportIDWithDescription>77 - Lamp IFF_TEST</ExportIDWithDescription>
  </DCS_ID>
  <!-- Radar Altimeter -->
  <DCS_ID>
    <ExportID>447</ExportID>
    <Description>Lamp Radar_Altimeter_low</Description>
    <ExportIDWithDescription>447 - Lamp Radar_Altimeter_low</ExportIDWithDescription>
  </DCS_ID>
  <DCS_ID>
    <ExportID>465</ExportID>
    <Description>Lamp Radar_Altimeter_hight</Description>
    <ExportIDWithDescription>465 - Lamp Radar_Altimeter_hight</ExportIDWithDescription>
  </DCS_ID>
  <!-- Displays -->
  <DCS_ID>
    <ExportID>2000</ExportID>
    <Description>Display UHF ARC_51 frequency</Description>
    <ExportIDWithDescription>2000 - Display UHF ARC_51 frequency</ExportIDWithDescription>
  </DCS_ID>
  <DCS_ID>
    <ExportID>2001</ExportID>
    <Description>Display UHF ARC_51 channel preset</Description>
    <ExportIDWithDescription>2001 - Display UHF ARC_51 channel preset</ExportIDWithDescription>
  </DCS_ID>
  <DCS_ID>
    <ExportID>2002</ExportID>
    <Description>Display VHF ARC_131 frequency</Description>
    <ExportIDWithDescription>2002 - Display VHF ARC_131 frequency</ExportIDWithDescription>
  </DCS_ID>
  <DCS_ID>
    <ExportID>2003</ExportID>
    <Description>Display VHF ARC_134 frequency</Description>
    <ExportIDWithDescription>2003 - Display VHF ARC_134 frequency</ExportIDWithDescription>
  </DCS_ID>
  <DCS_ID>
    <ExportID>2004</ExportID>
    <Description>Display VHF ARN_82 frequency (NOT FUNCTIONAL)</Description>
    <ExportIDWithDescription>2004 - Display VHF ARN_82 frequency (NOT FUNCTIONAL)</ExportIDWithDescription>
  </DCS_ID>
  <DCS_ID>
    <ExportID>2005</ExportID>
    <Description>Display Flare</Description>
    <ExportIDWithDescription>2005 - Display Flare</ExportIDWithDescription>
  </DCS_ID>
  <DCS_ID>
    <ExportID>2006</ExportID>
    <Description>Display Chaff</Description>
    <ExportIDWithDescription>2006 - Display Chaff</ExportIDWithDescription>
  </DCS_ID>
  <DCS_ID>
    <ExportID>2007</ExportID>
    <Description>Display ADF ARN83</Description>
    <ExportIDWithDescription>2007 - Display ADF ARN83</ExportIDWithDescription>
  </DCS_ID>
  <!-- Electrosystem -->
  <Clickabledata>
    <ID>0</ID>
    <DeviceID>1</DeviceID>
    <ButtonID>1</ButtonID>
    <Discription>Battery</Discription>
  </Clickabledata>
  <Clickabledata>
    <ID>1</ID>
    <DeviceID>1</DeviceID>
    <ButtonID>3</ButtonID>
    <Discription>Starter/Stdby GEN</Discription>
  </Clickabledata>
  <Clickabledata>
    <ID>2</ID>
    <DeviceID>1</DeviceID>
    <ButtonID>4</ButtonID>
    <Discription>DC Voltmeter Selector</Discription>
  </Clickabledata>
  <Clickabledata>
    <ID>3</ID>
    <DeviceID>1</DeviceID>
    <ButtonID>5</ButtonID>
    <Discription>Non Essential bus</Discription>
  </Clickabledata>
  <Clickabledata>
    <ID>4</ID>
    <DeviceID>1</DeviceID>
    <ButtonID>7</ButtonID>
    <Discription>AC Voltmeter Selector</Discription>
  </Clickabledata>
  <Clickabledata>
    <ID>5</ID>
    <DeviceID>1</DeviceID>
    <ButtonID>8</ButtonID>
    <Discription>Inverter</Discription>
  </Clickabledata>
  <!-- Electrosystem circuit breakers -->
  <!-- Essential BUS. line 1 -->
  <Clickabledata>
    <ID>6</ID>
    <DeviceID>1</DeviceID>
    <ButtonID>21</ButtonID>
    <Discription>CB IFF APX 1</Discription>
  </Clickabledata>
  <Clickabledata>
    <ID>7</ID>
    <DeviceID>1</DeviceID>
    <ButtonID>22</ButtonID>
    <Discription>CB IFF APX 2</Discription>
  </Clickabledata>
  <Clickabledata>
    <ID>8</ID>
    <DeviceID>1</DeviceID>
    <ButtonID>23</ButtonID>
    <Discription>CB Prox. warn.</Discription>
  </Clickabledata>
  <Clickabledata>
    <ID>9</ID>
    <DeviceID>1</DeviceID>
    <ButtonID>24</ButtonID>
    <Discription>CB Marker beacon</Discription>
  </Clickabledata>
  <Clickabledata>
    <ID>10</ID>
    <DeviceID>1</DeviceID>
    <ButtonID>25</ButtonID>
    <Discription>CB VHF Nav. (ARN-82)</Discription>
  </Clickabledata>
  <Clickabledata>
    <ID>11</ID>
    <DeviceID>1</DeviceID>
    <ButtonID>26</ButtonID>
    <Discription>CB LF Nav. (ARN-83)</Discription>
  </Clickabledata>
  <Clickabledata>
    <ID>12</ID>
    <DeviceID>1</DeviceID>
    <ButtonID>27</ButtonID>
    <Discription>CB Intercom CPLT</Discription>
  </Clickabledata>
  <Clickabledata>
    <ID>13</ID>
    <DeviceID>1</DeviceID>
    <ButtonID>28</ButtonID>
    <Discription>CB Intercom PLT</Discription>
  </Clickabledata>
  <Clickabledata>
    <ID>14</ID>
    <DeviceID>1</DeviceID>
    <ButtonID>29</ButtonID>
    <Discription>CB ARC-102 HF Static INVTR</Discription>
  </Clickabledata>
  <Clickabledata>
    <ID>15</ID>
    <DeviceID>1</DeviceID>
    <ButtonID>30</ButtonID>
    <Discription>CB HF ANT COUPLR</Discription>
  </Clickabledata>
  <Clickabledata>
    <ID>16</ID>
    <DeviceID>1</DeviceID>
    <ButtonID>31</ButtonID>
    <Discription>CB HF ARC-102</Discription>
  </Clickabledata>
  <Clickabledata>
    <ID>17</ID>
    <DeviceID>1</DeviceID>
    <ButtonID>32</ButtonID>
    <Discription>CB FM Radio</Discription>
  </Clickabledata>
  <Clickabledata>
    <ID>18</ID>
    <DeviceID>1</DeviceID>
    <ButtonID>33</ButtonID>
    <Discription>CB UHF Radio</Discription>
  </Clickabledata>
  <Clickabledata>
    <ID>19</ID>
    <DeviceID>1</DeviceID>
    <ButtonID>34</ButtonID>
    <Discription>CB FM 2 Radio</Discription>
  </Clickabledata>
  <Clickabledata>
    <ID>20</ID>
    <DeviceID>1</DeviceID>
    <ButtonID>35</ButtonID>
    <Discription>CB VHF AM Radio</Discription>
  </Clickabledata>
  <!-- Electric ALTM APN 209 -->
  <Clickabledata>
    <ID>21</ID>
    <DeviceID>1</DeviceID>
    <ButtonID>37</ButtonID>
    <Discription>CB Pitot tube</Discription>
  </Clickabledata>
  <!-- PILOT 5 VOLT LIGHTS -->
  <Clickabledata>
    <ID>22</ID>
    <DeviceID>1</DeviceID>
    <ButtonID>39</ButtonID>
    <Discription>CB Rescue hoist CTL</Discription>
  </Clickabledata>
  <Clickabledata>
    <ID>23</ID>
    <DeviceID>1</DeviceID>
    <ButtonID>40</ButtonID>
    <Discription>CB Rescue hoist cable cutter</Discription>
  </Clickabledata>
  <!-- Essential BUS. line 2 -->
  <Clickabledata>
    <ID>24</ID>
    <DeviceID>1</DeviceID>
    <ButtonID>42</ButtonID>
    <Discription>CB Wind wiper PLT</Discription>
  </Clickabledata>
  <Clickabledata>
    <ID>25</ID>
    <DeviceID>1</DeviceID>
    <ButtonID>41</ButtonID>
    <Discription>CB Wind wiper CPLT</Discription>
  </Clickabledata>
  <Clickabledata>
    <ID>26</ID>
    <DeviceID>1</DeviceID>
    <ButtonID>43</ButtonID>
    <Discription>CB KY-28 voice security</Discription>
  </Clickabledata>
  <Clickabledata>
    <ID>27</ID>
    <DeviceID>1</DeviceID>
    <ButtonID>44</ButtonID>
    <Discription>CB Starter Relay</Discription>
  </Clickabledata>
  <Clickabledata>
    <ID>28</ID>
    <DeviceID>1</DeviceID>
    <ButtonID>45</ButtonID>
    <Discription>CB Search light power</Discription>
  </Clickabledata>
  <Clickabledata>
    <ID>29</ID>
    <DeviceID>1</DeviceID>
    <ButtonID>46</ButtonID>
    <Discription>CB Landing light power</Discription>
  </Clickabledata>
  <Clickabledata>
    <ID>30</ID>
    <DeviceID>1</DeviceID>
    <ButtonID>47</ButtonID>
    <Discription>CB Landing - Search light control</Discription>
  </Clickabledata>
  <Clickabledata>
    <ID>31</ID>
    <DeviceID>1</DeviceID>
    <ButtonID>48</ButtonID>
    <Discription>CB Anticollision light</Discription>
  </Clickabledata>
  <Clickabledata>
    <ID>32</ID>
    <DeviceID>1</DeviceID>
    <ButtonID>49</ButtonID>
    <Discription>CB Fuselage lights</Discription>
  </Clickabledata>
  <Clickabledata>
    <ID>33</ID>
    <DeviceID>1</DeviceID>
    <ButtonID>50</ButtonID>
    <Discription>CB Navigation lights</Discription>
  </Clickabledata>
  <Clickabledata>
    <ID>34</ID>
    <DeviceID>1</DeviceID>
    <ButtonID>51</ButtonID>
    <Discription>CB Dome lights</Discription>
  </Clickabledata>
  <Clickabledata>
    <ID>35</ID>
    <DeviceID>1</DeviceID>
    <ButtonID>52</ButtonID>
    <Discription>CB Cockpit lights</Discription>
  </Clickabledata>
  <Clickabledata>
    <ID>36</ID>
    <DeviceID>1</DeviceID>
    <ButtonID>53</ButtonID>
    <Discription>CB Caution lights</Discription>
  </Clickabledata>
  <Clickabledata>
    <ID>37</ID>
    <DeviceID>1</DeviceID>
    <ButtonID>54</ButtonID>
    <Discription>CB Console lights</Discription>
  </Clickabledata>
  <Clickabledata>
    <ID>38</ID>
    <DeviceID>1</DeviceID>
    <ButtonID>55</ButtonID>
    <Discription>CB INST Panel lights</Discription>
  </Clickabledata>
  <Clickabledata>
    <ID>39</ID>
    <DeviceID>1</DeviceID>
    <ButtonID>56</ButtonID>
    <Discription>CB INST SEC lights</Discription>
  </Clickabledata>
  <Clickabledata>
    <ID>40</ID>
    <DeviceID>1</DeviceID>
    <ButtonID>57</ButtonID>
    <Discription>CB Cabin heater (Outlet valve)</Discription>
  </Clickabledata>
  <Clickabledata>
    <ID>41</ID>
    <DeviceID>1</DeviceID>
    <ButtonID>58</ButtonID>
    <Discription>CB Cabin heater (Air valve)</Discription>
  </Clickabledata>
  <Clickabledata>
    <ID>42</ID>
    <DeviceID>1</DeviceID>
    <ButtonID>59</ButtonID>
    <Discription>CB Rescue hoist PWR</Discription>
  </Clickabledata>
  <!-- Essential BUS. line 3 -->
  <Clickabledata>
    <ID>43</ID>
    <DeviceID>1</DeviceID>
    <ButtonID>60</ButtonID>
    <Discription>CB RPM Warning system</Discription>
  </Clickabledata>
  <Clickabledata>
    <ID>44</ID>
    <DeviceID>1</DeviceID>
    <ButtonID>61</ButtonID>
    <Discription>CB Engine anti-ice</Discription>
  </Clickabledata>
  <Clickabledata>
    <ID>45</ID>
    <DeviceID>1</DeviceID>
    <ButtonID>62</ButtonID>
    <Discription>CB Fire detector</Discription>
  </Clickabledata>
  <Clickabledata>
    <ID>46</ID>
    <DeviceID>1</DeviceID>
    <ButtonID>63</ButtonID>
    <Discription>CB LH fuel boost pump</Discription>
  </Clickabledata>
  <Clickabledata>
    <ID>47</ID>
    <DeviceID>1</DeviceID>
    <ButtonID>64</ButtonID>
    <Discription>CB Turn - Slip indicator</Discription>
  </Clickabledata>
  <Clickabledata>
    <ID>48</ID>
    <DeviceID>1</DeviceID>
    <ButtonID>65</ButtonID>
    <Discription>"CB TEMP indicator</Discription>
  </Clickabledata>
  <Clickabledata>
    <ID>49</ID>
    <DeviceID>1</DeviceID>
    <ButtonID>66</ButtonID>
    <Discription>CB HYD Control</Discription>
  </Clickabledata>
  <Clickabledata>
    <ID>50</ID>
    <DeviceID>1</DeviceID>
    <ButtonID>68</ButtonID>
    <Discription>CB FORCE Trim</Discription>
  </Clickabledata>
  <Clickabledata>
    <ID>51</ID>
    <DeviceID>1</DeviceID>
    <ButtonID>69</ButtonID>
    <Discription>CB Cargo hook release</Discription>
  </Clickabledata>
  <Clickabledata>
    <ID>52</ID>
    <DeviceID>1</DeviceID>
    <ButtonID>70</ButtonID>
    <Discription>CB EXT Stores jettison</Discription>
  </Clickabledata>
  <Clickabledata>
    <ID>53</ID>
    <DeviceID>1</DeviceID>
    <ButtonID>71</ButtonID>
    <Discription>CB Spare inverter PWR</Discription>
  </Clickabledata>
  <Clickabledata>
    <ID>54</ID>
    <DeviceID>1</DeviceID>
    <ButtonID>72</ButtonID>
    <Discription>CB Inverter CTRL</Discription>
  </Clickabledata>
  <Clickabledata>
    <ID>55</ID>
    <DeviceID>1</DeviceID>
    <ButtonID>73</ButtonID>
    <Discription>CB Main inverter PWR</Discription>
  </Clickabledata>
  <Clickabledata>
    <ID>56</ID>
    <DeviceID>1</DeviceID>
    <ButtonID>74</ButtonID>
    <Discription>CB Generator - Bus Reset</Discription>
  </Clickabledata>
  <Clickabledata>
    <ID>57</ID>
    <DeviceID>1</DeviceID>
    <ButtonID>75</ButtonID>
    <Discription>CB STBY Generator Field</Discription>
  </Clickabledata>
  <Clickabledata>
    <ID>58</ID>
    <DeviceID>1</DeviceID>
    <ButtonID>76</ButtonID>
    <Discription>CB Governor Control</Discription>
  </Clickabledata>
  <Clickabledata>
    <ID>59</ID>
    <DeviceID>1</DeviceID>
    <ButtonID>77</ButtonID>
    <Discription>CB IDLE Stop release</Discription>
  </Clickabledata>
  <Clickabledata>
    <ID>60</ID>
    <DeviceID>1</DeviceID>
    <ButtonID>78</ButtonID>
    <Discription>CB RH fuel boost pump</Discription>
  </Clickabledata>
  <Clickabledata>
    <ID>61</ID>
    <DeviceID>1</DeviceID>
    <ButtonID>79</ButtonID>
    <Discription>CB Fuel TRANS</Discription>
  </Clickabledata>
  <Clickabledata>
    <ID>62</ID>
    <DeviceID>1</DeviceID>
    <ButtonID>80</ButtonID>
    <Discription>CB Fuel valves</Discription>
  </Clickabledata>
  <!-- Non Essential BUS -->
  <Clickabledata>
    <ID>63</ID>
    <DeviceID>1</DeviceID>
    <ButtonID>81</ButtonID>
    <Discription>CB Heated blanket 1</Discription>
  </Clickabledata>
  <Clickabledata>
    <ID>64</ID>
    <DeviceID>1</DeviceID>
    <ButtonID>82</ButtonID>
    <Discription>CB Heated blanket 2</Discription>
  </Clickabledata>
  <Clickabledata>
    <ID>65</ID>
    <DeviceID>1</DeviceID>
    <ButtonID>83</ButtonID>
    <Discription>CB Voltmeter Non Ess Bus</Discription>
  </Clickabledata>
  <!-- other circuit breakers -->
  <Clickabledata>
    <ID>66</ID>
    <DeviceID>1</DeviceID>
    <ButtonID>85</ButtonID>
    <Discription>CB Ignition system</Discription>
  </Clickabledata>
  <!-- AC BUS circuit breakers -->
  <Clickabledata>
    <ID>67</ID>
    <DeviceID>1</DeviceID>
    <ButtonID>86</ButtonID>
    <Discription>CB Pilot ATTD1</Discription>
  </Clickabledata>
  <Clickabledata>
    <ID>68</ID>
    <DeviceID>1</DeviceID>
    <ButtonID>87</ButtonID>
    <Discription>CB Pilot ATTD2</Discription>
  </Clickabledata>
  <Clickabledata>
    <ID>69</ID>
    <DeviceID>1</DeviceID>
    <ButtonID>88</ButtonID>
    <Discription>CB Copilot ATTD1</Discription>
  </Clickabledata>
  <Clickabledata>
    <ID>70</ID>
    <DeviceID>1</DeviceID>
    <ButtonID>89</ButtonID>
    <Discription>CB Copilot ATTD2</Discription>
  </Clickabledata>
  <Clickabledata>
    <ID>71</ID>
    <DeviceID>1</DeviceID>
    <ButtonID>90</ButtonID>
    <Discription>CB Gyro Cmps</Discription>
  </Clickabledata>
  <Clickabledata>
    <ID>72</ID>
    <DeviceID>1</DeviceID>
    <ButtonID>91</ButtonID>
    <Discription>CB Fuel Quantity</Discription>
  </Clickabledata>
  <Clickabledata>
    <ID>73</ID>
    <DeviceID>1</DeviceID>
    <ButtonID>92</ButtonID>
    <Discription>CB 28V Trans</Discription>
  </Clickabledata>
  <Clickabledata>
    <ID>74</ID>
    <DeviceID>1</DeviceID>
    <ButtonID>93</ButtonID>
    <Discription>CB Fail Relay</Discription>
  </Clickabledata>
  <Clickabledata>
    <ID>75</ID>
    <DeviceID>1</DeviceID>
    <ButtonID>94</ButtonID>
    <Discription>CB Pressure Fuel</Discription>
  </Clickabledata>
  <Clickabledata>
    <ID>76</ID>
    <DeviceID>1</DeviceID>
    <ButtonID>95</ButtonID>
    <Discription>CB Pressure Torque</Discription>
  </Clickabledata>
  <Clickabledata>
    <ID>77</ID>
    <DeviceID>1</DeviceID>
    <ButtonID>96</ButtonID>
    <Discription>CB Pressure XMSN</Discription>
  </Clickabledata>
  <Clickabledata>
    <ID>78</ID>
    <DeviceID>1</DeviceID>
    <ButtonID>97</ButtonID>
    <Discription>CB Pressure Eng</Discription>
  </Clickabledata>
  <Clickabledata>
    <ID>79</ID>
    <DeviceID>1</DeviceID>
    <ButtonID>98</ButtonID>
    <Discription>CB Course Ind</Discription>
  </Clickabledata>
  <Clickabledata>
    <ID>80</ID>
    <DeviceID>1</DeviceID>
    <ButtonID>16</ButtonID>
    <Discription>Pitot Heater</Discription>
  </Clickabledata>
  <Clickabledata>
    <ID>81</ID>
    <DeviceID>1</DeviceID>
    <ButtonID>2</ButtonID>
    <Discription>Main generator</Discription>
  </Clickabledata>
  <!-- Fuel system -->
  <Clickabledata>
    <ID>82</ID>
    <DeviceID>2</DeviceID>
    <ButtonID>1</ButtonID>
    <Discription>Main Fuel</Discription>
  </Clickabledata>
  <Clickabledata>
    <ID>83</ID>
    <DeviceID>2</DeviceID>
    <ButtonID>2</ButtonID>
    <Discription>Test Fuel Gauge</Discription>
  </Clickabledata>
  <!-- ENGINE_INTERFACE -->
  <Clickabledata>
    <ID>84</ID>
    <DeviceID>3</DeviceID>
    <ButtonID>24</ButtonID>
    <Discription>Throttle (rotary)</Discription>
  </Clickabledata>
  <Clickabledata>
    <ID>85</ID>
    <DeviceID>3</DeviceID>
    <ButtonID>27</ButtonID>
    <Discription>Throttle Stop</Discription>
  </Clickabledata>
  <Clickabledata>
    <ID>86</ID>
    <DeviceID>3</DeviceID>
    <ButtonID>2</ButtonID>
    <Discription>De-Ice On/Off</Discription>
  </Clickabledata>
  <Clickabledata>
    <ID>87</ID>
    <DeviceID>3</DeviceID>
    <ButtonID>21</ButtonID>
    <Discription>Low RPM Warning</Discription>
  </Clickabledata>
  <Clickabledata>
    <ID>88</ID>
    <DeviceID>3</DeviceID>
    <ButtonID>13</ButtonID>
    <Discription>Chip Detector</Discription>
  </Clickabledata>
  <Clickabledata>
    <ID>89</ID>
    <DeviceID>3</DeviceID>
    <ButtonID>14</ButtonID>
    <Discription>Governor Emer/Auto</Discription>
  </Clickabledata>
  <Clickabledata>
    <ID>90</ID>
    <DeviceID>3</DeviceID>
    <ButtonID>15</ButtonID>
    <Discription>Governor</Discription>
  </Clickabledata>
  <Clickabledata>
    <ID>91</ID>
    <DeviceID>3</DeviceID>
    <ButtonID>23</ButtonID>
    <Discription>Fire Test</Discription>
  </Clickabledata>
  <!-- HYDRO_SYS_INTERFACE -->
  <Clickabledata>
    <ID>92</ID>
    <DeviceID>4</DeviceID>
    <ButtonID>3</ButtonID>
    <Discription>Hydraulic Control</Discription>
  </Clickabledata>
  <Clickabledata>
    <ID>93</ID>
    <DeviceID>4</DeviceID>
    <ButtonID>4</ButtonID>
    <Discription>Force Trim</Discription>
  </Clickabledata>
  <!-- Pilot's Attitude indicator -->
  <Clickabledata>
    <ID>94</ID>
    <DeviceID>6</DeviceID>
    <ButtonID>1</ButtonID>
    <Discription>Pilot's Attitude Indicator Pitch Trim Knob (rotary)</Discription>
  </Clickabledata>
  <Clickabledata>
    <ID>95</ID>
    <DeviceID>6</DeviceID>
    <ButtonID>2</ButtonID>
    <Discription>Pilot's Attitude Indicator Roll Trim Knob (rotary)</Discription>
  </Clickabledata>
  <!-- Copilot's attutude indicator -->
  <Clickabledata>
    <ID>96</ID>
    <DeviceID>7</DeviceID>
    <ButtonID>1</ButtonID>
    <Discription>Cage Copilot's Attitude Indicator</Discription>
  </Clickabledata>
  <Clickabledata>
    <ID>97</ID>
    <DeviceID>7</DeviceID>
    <ButtonID>2</ButtonID>
    <Discription>Copilot's Attitude Indicator Pitch Trim Knob (rotary)</Discription>
  </Clickabledata>
  <!-- Nav lights -->
  <Clickabledata>
    <ID>98</ID>
    <DeviceID>8</DeviceID>
    <ButtonID>1</ButtonID>
    <Discription>Navigation lights</Discription>
  </Clickabledata>
  <Clickabledata>
    <ID>99</ID>
    <DeviceID>8</DeviceID>
    <ButtonID>2</ButtonID>
    <Discription>Position Lights, STEADY/OFF/FLASH</Discription>
  </Clickabledata>
  <Clickabledata>
    <ID>100</ID>
    <DeviceID>8</DeviceID>
    <ButtonID>3</ButtonID>
    <Discription>Position Lights, DIM/BRIGHT</Discription>
  </Clickabledata>
  <Clickabledata>
    <ID>101</ID>
    <DeviceID>8</DeviceID>
    <ButtonID>4</ButtonID>
    <Discription>Anti-Collision Lights, ON/OFF</Discription>
  </Clickabledata>
  <Clickabledata>
    <ID>102</ID>
    <DeviceID>8</DeviceID>
    <ButtonID>5</ButtonID>
    <Discription>Landing Light</Discription>
  </Clickabledata>
  <Clickabledata>
    <ID>103</ID>
    <DeviceID>8</DeviceID>
    <ButtonID>6</ButtonID>
    <Discription>Search Light</Discription>
  </Clickabledata>
  <Clickabledata>
    <ID>104</ID>
    <DeviceID>8</DeviceID>
    <ButtonID>7</ButtonID>
    <Discription>Landing Light Ctrl</Discription>
  </Clickabledata>
  <!-- Light System -->
  <Clickabledata>
    <ID>105</ID>
    <DeviceID>8</DeviceID>
    <ButtonID>15</ButtonID>
    <Discription>Overhead Console Panel Lights Brightness Rheostat (rotary)</Discription>
  </Clickabledata>
  <Clickabledata>
    <ID>106</ID>
    <DeviceID>8</DeviceID>
    <ButtonID>16</ButtonID>
    <Discription>Pedestal Lights Brightness Rheostat (rotary)</Discription>
  </Clickabledata>
  <Clickabledata>
    <ID>107</ID>
    <DeviceID>8</DeviceID>
    <ButtonID>17</ButtonID>
    <Discription>Secondary Instrument Lights Brightness Rheostat (rotary)</Discription>
  </Clickabledata>
  <Clickabledata>
    <ID>108</ID>
    <DeviceID>8</DeviceID>
    <ButtonID>18</ButtonID>
    <Discription>Engine Instrument Lights Brightness Rheostat (rotary)</Discription>
  </Clickabledata>
  <Clickabledata>
    <ID>109</ID>
    <DeviceID>8</DeviceID>
    <ButtonID>19</ButtonID>
    <Discription>Copilot Instrument Lights Brightness Rheostat (rotary)</Discription>
  </Clickabledata>
  <Clickabledata>
    <ID>110</ID>
    <DeviceID>8</DeviceID>
    <ButtonID>20</ButtonID>
    <Discription>Pilot Instrument Lights Brightness Rheostat (rotary)</Discription>
  </Clickabledata>
  <Clickabledata>
    <ID>111</ID>
    <DeviceID>8</DeviceID>
    <ButtonID>21</ButtonID>
    <Discription>Dome Light Ctrl</Discription>
  </Clickabledata>
  <!-- weapon system -->
  <Clickabledata>
    <ID>112</ID>
    <DeviceID>10</DeviceID>
    <ButtonID>8</ButtonID>
    <Discription>Armed/Safe/Off</Discription>
  </Clickabledata>
  <Clickabledata>
    <ID>113</ID>
    <DeviceID>10</DeviceID>
    <ButtonID>9</ButtonID>
    <Discription>Left/Right/All</Discription>
  </Clickabledata>
  <Clickabledata>
    <ID>114</ID>
    <DeviceID>10</DeviceID>
    <ButtonID>10</ButtonID>
    <Discription>7.62/2.75/40</Discription>
  </Clickabledata>
  <Clickabledata>
    <ID>115</ID>
    <DeviceID>10</DeviceID>
    <ButtonID>11</ButtonID>
    <Discription>Rocket Pair</Discription>
  </Clickabledata>
  <Clickabledata>
    <ID>116</ID>
    <DeviceID>10</DeviceID>
    <ButtonID>12</ButtonID>
    <Discription>Rocket Reset</Discription>
  </Clickabledata>
  <Clickabledata>
    <ID>117</ID>
    <DeviceID>10</DeviceID>
    <ButtonID>14</ButtonID>
    <Discription>Jettison</Discription>
  </Clickabledata>
  <!-- GCI(ID-998/ASN) -->
  <Clickabledata>
    <ID>118</ID>
    <DeviceID>11</DeviceID>
    <ButtonID>3</ButtonID>
    <Discription>Heading Set Knob (rotary)</Discription>
  </Clickabledata>
  <Clickabledata>
    <ID>119</ID>
    <DeviceID>11</DeviceID>
    <ButtonID>5</ButtonID>
    <Discription>Compass Synchronizing (rotary)</Discription>
  </Clickabledata>
  <Clickabledata>
    <ID>120</ID>
    <DeviceID>11</DeviceID>
    <ButtonID>4</ButtonID>
    <Discription>ADF/VOR control</Discription>
  </Clickabledata>
  <Clickabledata>
    <ID>121</ID>
    <DeviceID>11</DeviceID>
    <ButtonID>2</ButtonID>
    <Discription>DG/Slave gyro mode</Discription>
  </Clickabledata>
  <!-- CPT_MECH -->
  <Clickabledata>
    <ID>122</ID>
    <DeviceID>13</DeviceID>
    <ButtonID>2</ButtonID>
    <Discription>Pilot/Both/Operator Wipers</Discription>
  </Clickabledata>
  <Clickabledata>
    <ID>123</ID>
    <DeviceID>13</DeviceID>
    <ButtonID>1</ButtonID>
    <Discription>Wipers Speed</Discription>
  </Clickabledata>
  <Clickabledata>
    <ID>124</ID>
    <DeviceID>13</DeviceID>
    <ButtonID>5</ButtonID>
    <Discription>Open Left Doors</Discription>
  </Clickabledata>
  <Clickabledata>
    <ID>125</ID>
    <DeviceID>13</DeviceID>
    <ButtonID>6</ButtonID>
    <Discription>Open Right Doors</Discription>
  </Clickabledata>
  <!-- Radar Altimeter -->
  <Clickabledata>
    <ID>126</ID>
    <DeviceID>14</DeviceID>
    <ButtonID>7</ButtonID>
    <Discription>Radar Altimeter Power</Discription>
  </Clickabledata>
  <Clickabledata>
    <ID>127</ID>
    <DeviceID>14</DeviceID>
    <ButtonID>2</ButtonID>
    <Discription>Radar Altimeter Turn On. Low Set. (rotary)</Discription>
  </Clickabledata>
  <Clickabledata>
    <ID>128</ID>
    <DeviceID>14</DeviceID>
    <ButtonID>1</ButtonID>
    <Discription>Radar Altimeter Test / Hight Set.</Discription>
  </Clickabledata>
  <Clickabledata>
    <ID>129</ID>
    <DeviceID>14</DeviceID>
    <ButtonID>3</ButtonID>
    <Discription>Radar Altimeter Test / Hight Set. (rotary)</Discription>
  </Clickabledata>
  <!-- SYS_CONTROLLER -->
  <Clickabledata>
    <ID>130</ID>
    <DeviceID>15</DeviceID>
    <ButtonID>1</ButtonID>
    <Discription>Reset/Test switch</Discription>
  </Clickabledata>
  <Clickabledata>
    <ID>131</ID>
    <DeviceID>15</DeviceID>
    <ButtonID>2</ButtonID>
    <Discription>Bright/Dim switch</Discription>
  </Clickabledata>
  <!-- IFF Transponder APX-72 -->
  <Clickabledata>
    <ID>132</ID>
    <DeviceID>18</DeviceID>
    <ButtonID>7</ButtonID>
    <Discription>IFF Code</Discription>
  </Clickabledata>
  <Clickabledata>
    <ID>133</ID>
    <DeviceID>18</DeviceID>
    <ButtonID>8</ButtonID>
    <Discription>IFF Master</Discription>
  </Clickabledata>
  <Clickabledata>
    <ID>134</ID>
    <DeviceID>18</DeviceID>
    <ButtonID>9</ButtonID>
    <Discription>IFF Audio/light</Discription>
  </Clickabledata>
  <Clickabledata>
    <ID>135</ID>
    <DeviceID>18</DeviceID>
    <ButtonID>10</ButtonID>
    <Discription>IFF Test M-1</Discription>
  </Clickabledata>
  <Clickabledata>
    <ID>136</ID>
    <DeviceID>18</DeviceID>
    <ButtonID>11</ButtonID>
    <Discription>IFF Test M-2</Discription>
  </Clickabledata>
  <Clickabledata>
    <ID>137</ID>
    <DeviceID>18</DeviceID>
    <ButtonID>12</ButtonID>
    <Discription>IFF Test M-3A</Discription>
  </Clickabledata>
  <Clickabledata>
    <ID>138</ID>
    <DeviceID>18</DeviceID>
    <ButtonID>13</ButtonID>
    <Discription>IFF Test M-C</Discription>
  </Clickabledata>
  <Clickabledata>
    <ID>139</ID>
    <DeviceID>18</DeviceID>
    <ButtonID>14</ButtonID>
    <Discription>IFF RAD Test/Mon</Discription>
  </Clickabledata>
  <Clickabledata>
    <ID>140</ID>
    <DeviceID>18</DeviceID>
    <ButtonID>15</ButtonID>
    <Discription>IFF Ident/Mic</Discription>
  </Clickabledata>
  <Clickabledata>
    <ID>141</ID>
    <DeviceID>18</DeviceID>
    <ButtonID>16</ButtonID>
    <Discription>IFF On/Out</Discription>
  </Clickabledata>
  <Clickabledata>
    <ID>142</ID>
    <DeviceID>18</DeviceID>
    <ButtonID>1</ButtonID>
    <Discription>IFF "MODE1-WHEEL1</Discription>
  </Clickabledata>
  <Clickabledata>
    <ID>143</ID>
    <DeviceID>18</DeviceID>
    <ButtonID>2</ButtonID>
    <Discription>IFF MODE1-WHEEL2</Discription>
  </Clickabledata>
  <Clickabledata>
    <ID>144</ID>
    <DeviceID>18</DeviceID>
    <ButtonID>3</ButtonID>
    <Discription>IFF MODE3A-WHEEL1</Discription>
  </Clickabledata>
  <Clickabledata>
    <ID>145</ID>
    <DeviceID>18</DeviceID>
    <ButtonID>4</ButtonID>
    <Discription>IFF MODE3A-WHEEL2</Discription>
  </Clickabledata>
  <Clickabledata>
    <ID>146</ID>
    <DeviceID>18</DeviceID>
    <ButtonID>5</ButtonID>
    <Discription>IFF MODE3A-WHEEL3</Discription>
  </Clickabledata>
  <Clickabledata>
    <ID>147</ID>
    <DeviceID>18</DeviceID>
    <ButtonID>6</ButtonID>
    <Discription>IFF MODE3A-WHEEL4</Discription>
  </Clickabledata>
  <Clickabledata>
    <ID>148</ID>
    <DeviceID>18</DeviceID>
    <ButtonID>17</ButtonID>
    <Discription>IFF Reply test</Discription>
  </Clickabledata>
  <Clickabledata>
    <ID>149</ID>
    <DeviceID>18</DeviceID>
    <ButtonID>20</ButtonID>
    <Discription>IFF Reply test (rotary)</Discription>
  </Clickabledata>
  <Clickabledata>
    <ID>150</ID>
    <DeviceID>18</DeviceID>
    <ButtonID>18</ButtonID>
    <Discription>IFF Test test</Discription>
  </Clickabledata>
  <Clickabledata>
    <ID>151</ID>
    <DeviceID>18</DeviceID>
    <ButtonID>21</ButtonID>
    <Discription>IFF Test test (rotary)</Discription>
  </Clickabledata>
  <!-- AAU7 Pilot's altimeter -->
  <Clickabledata>
    <ID>152</ID>
    <DeviceID>19</DeviceID>
    <ButtonID>1</ButtonID>
    <Discription>AAU7 Pressure Adjustment (rotary)</Discription>
  </Clickabledata>
  <!-- AAU32 Copilot's altimeter -->
  <Clickabledata>
    <ID>153</ID>
    <DeviceID>20</DeviceID>
    <ButtonID>1</ButtonID>
    <Discription>AAU32 Pressure Adjustment (rotary)</Discription>
  </Clickabledata>
  <!-- VHF ARC-134 -->
  <Clickabledata>
    <ID>154</ID>
    <DeviceID>21</DeviceID>
    <ButtonID>2</ButtonID>
    <Discription>VHF ARC 134 Test</Discription>
  </Clickabledata>
  <Clickabledata>
    <ID>155</ID>
    <DeviceID>21</DeviceID>
    <ButtonID>1</ButtonID>
    <Discription>VHF ARC 134 Frequency MHz / Power.</Discription>
  </Clickabledata>
  <Clickabledata>
    <ID>156</ID>
    <DeviceID>21</DeviceID>
    <ButtonID>4</ButtonID>
    <Discription>VHF ARC 134 Frequency MHz / Power. (rotary)</Discription>
  </Clickabledata>
  <Clickabledata>
    <ID>157</ID>
    <DeviceID>21</DeviceID>
    <ButtonID>3</ButtonID>
    <Discription>VHF ARC 134 Frequency kHz / Volume.</Discription>
  </Clickabledata>
  <Clickabledata>
    <ID>158</ID>
    <DeviceID>21</DeviceID>
    <ButtonID>5</ButtonID>
    <Discription>VHF ARC 134 Frequency kHz / Volume. (rotary)</Discription>
  </Clickabledata>
  <!-- Intercom Control Panel -->
  <Clickabledata>
    <ID>159</ID>
    <DeviceID>22</DeviceID>
    <ButtonID>7</ButtonID>
    <Discription>Intercom volume (rotary)</Discription>
  </Clickabledata>
  <Clickabledata>
    <ID>160</ID>
    <DeviceID>22</DeviceID>
    <ButtonID>1</ButtonID>
    <Discription>Intercom VHF AM Radio Receiver</Discription>
  </Clickabledata>
  <Clickabledata>
    <ID>161</ID>
    <DeviceID>22</DeviceID>
    <ButtonID>2</ButtonID>
    <Discription>Intercom UHF Radio Receiver</Discription>
  </Clickabledata>
  <Clickabledata>
    <ID>162</ID>
    <DeviceID>22</DeviceID>
    <ButtonID>3</ButtonID>
    <Discription>Intercom VHF FM Radio Receiver</Discription>
  </Clickabledata>
  <Clickabledata>
    <ID>163</ID>
    <DeviceID>22</DeviceID>
    <ButtonID>4</ButtonID>
    <Discription>Intercom Receiver 4</Discription>
  </Clickabledata>
  <Clickabledata>
    <ID>164</ID>
    <DeviceID>22</DeviceID>
    <ButtonID>5</ButtonID>
    <Discription>Intercom INT Receiver</Discription>
  </Clickabledata>
  <Clickabledata>
    <ID>165</ID>
    <DeviceID>22</DeviceID>
    <ButtonID>6</ButtonID>
    <Discription>Intercom Receiver NAV</Discription>
  </Clickabledata>
  <Clickabledata>
    <ID>166</ID>
    <DeviceID>22</DeviceID>
    <ButtonID>8</ButtonID>
    <Discription>Intercom Mode</Discription>
  </Clickabledata>
  <Clickabledata>
    <ID>167</ID>
    <DeviceID>22</DeviceID>
    <ButtonID>9</ButtonID>
    <Discription>Intercom Radio/ICS</Discription>
  </Clickabledata>
  <!-- UHF ARC 51BX UHF Raido -->
  <Clickabledata>
    <ID>168</ID>
    <DeviceID>23</DeviceID>
    <ButtonID>1</ButtonID>
    <Discription>UHF ARC 51 Preset Channel Selector</Discription>
  </Clickabledata>
  <Clickabledata>
    <ID>169</ID>
    <DeviceID>23</DeviceID>
    <ButtonID>2</ButtonID>
    <Discription>UHF ARC 51 10 MHz Selector (rotary)</Discription>
  </Clickabledata>
  <Clickabledata>
    <ID>170</ID>
    <DeviceID>23</DeviceID>
    <ButtonID>3</ButtonID>
    <Discription>UHF ARC 51 1 MHz Selector (rotary)</Discription>
  </Clickabledata>
  <Clickabledata>
    <ID>171</ID>
    <DeviceID>23</DeviceID>
    <ButtonID>4</ButtonID>
    <Discription>UHF ARC 51 50 kHz Selector (rotary)</Discription>
  </Clickabledata>
  <Clickabledata>
    <ID>172</ID>
    <DeviceID>23</DeviceID>
    <ButtonID>5</ButtonID>
    <Discription>UHF ARC 51 Frequency Mode Dial</Discription>
  </Clickabledata>
  <Clickabledata>
    <ID>173</ID>
    <DeviceID>23</DeviceID>
    <ButtonID>6</ButtonID>
    <Discription>UHF ARC 51 Function Dial</Discription>
  </Clickabledata>
  <Clickabledata>
    <ID>174</ID>
    <DeviceID>23</DeviceID>
    <ButtonID>7</ButtonID>
    <Discription>UHF ARC 51 Squelch</Discription>
  </Clickabledata>
  <Clickabledata>
    <ID>175</ID>
    <DeviceID>23</DeviceID>
    <ButtonID>8</ButtonID>
    <Discription>UHF ARC 51 Volume (rotary)</Discription>
  </Clickabledata>
  <!-- VHF ARC 131 Radio -->
  <Clickabledata>
    <ID>176</ID>
    <DeviceID>24</DeviceID>
    <ButtonID>1</ButtonID>
    <Discription>VHF ARC 131 Frequency Tens MHz</Discription>
  </Clickabledata>
  <Clickabledata>
    <ID>177</ID>
    <DeviceID>24</DeviceID>
    <ButtonID>2</ButtonID>
    <Discription>VHF ARC 131 Frequency Ones MHz</Discription>
  </Clickabledata>
  <Clickabledata>
    <ID>178</ID>
    <DeviceID>24</DeviceID>
    <ButtonID>3</ButtonID>
    <Discription>VHF ARC 131 Frequency Decimals MHz</Discription>
  </Clickabledata>
  <Clickabledata>
    <ID>179</ID>
    <DeviceID>24</DeviceID>
    <ButtonID>4</ButtonID>
    <Discription>VHF ARC 131 Frequency Hundredths MHz</Discription>
  </Clickabledata>
  <Clickabledata>
    <ID>180</ID>
    <DeviceID>24</DeviceID>
    <ButtonID>7</ButtonID>
    <Discription>VHF ARC 131 Mode OFF/TR/RETRAN/HOME</Discription>
  </Clickabledata>
  <Clickabledata>
    <ID>181</ID>
    <DeviceID>24</DeviceID>
    <ButtonID>5</ButtonID>
    <Discription>VHF ARC 131 Squelch Mode</Discription>
  </Clickabledata>
  <Clickabledata>
    <ID>182</ID>
    <DeviceID>24</DeviceID>
    <ButtonID>6</ButtonID>
    <Discription>VHF ARC 131 Volume (rotary)</Discription>
  </Clickabledata>
  <!-- ARN-82 -->
  <Clickabledata>
    <ID>183</ID>
    <DeviceID>26</DeviceID>
    <ButtonID>3</ButtonID>
    <Discription>ARN-82 Frequency MHz / Power.</Discription>
  </Clickabledata>
  <Clickabledata>
    <ID>184</ID>
    <DeviceID>26</DeviceID>
    <ButtonID>1</ButtonID>
    <Discription>ARN-82 Frequency MHz / Power. (rotary)</Discription>
  </Clickabledata>
  <Clickabledata>
    <ID>185</ID>
    <DeviceID>26</DeviceID>
    <ButtonID>4</ButtonID>
    <Discription>ARN-82 Frequency kHz / Volume.</Discription>
  </Clickabledata>
  <Clickabledata>
    <ID>186</ID>
    <DeviceID>26</DeviceID>
    <ButtonID>2</ButtonID>
    <Discription>ARN-82 Frequency kHz / Volume. (rotary)</Discription>
  </Clickabledata>
  <!-- Marker beakon -->
  <Clickabledata>
    <ID>187</ID>
    <DeviceID>27</DeviceID>
    <ButtonID>1</ButtonID>
    <Discription>Marker beacon On/Off/Volume (rotary)</Discription>
  </Clickabledata>
  <Clickabledata>
    <ID>188</ID>
    <DeviceID>27</DeviceID>
    <ButtonID>2</ButtonID>
    <Discription>Marker beacon sensing</Discription>
  </Clickabledata>
  <!-- ADF AN/ARN-83 -->
  <Clickabledata>
    <ID>189</ID>
    <DeviceID>28</DeviceID>
    <ButtonID>5</ButtonID>
    <Discription>ADF Loop Antenna speed</Discription>
  </Clickabledata>
  <Clickabledata>
    <ID>190</ID>
    <DeviceID>28</DeviceID>
    <ButtonID>6</ButtonID>
    <Discription>ADF BFO</Discription>
  </Clickabledata>
  <Clickabledata>
    <ID>191</ID>
    <DeviceID>28</DeviceID>
    <ButtonID>1</ButtonID>
    <Discription>ADF Gain control / Mode</Discription>
  </Clickabledata>
  <Clickabledata>
    <ID>192</ID>
    <DeviceID>28</DeviceID>
    <ButtonID>4</ButtonID>
    <Discription>ADF Gain control / Mode (rotary)</Discription>
  </Clickabledata>
  <Clickabledata>
    <ID>193</ID>
    <DeviceID>28</DeviceID>
    <ButtonID>2</ButtonID>
    <Discription>ADF Tune control / Band selection.</Discription>
  </Clickabledata>
  <Clickabledata>
    <ID>194</ID>
    <DeviceID>28</DeviceID>
    <ButtonID>3</ButtonID>
    <Discription>ADF Tune control / Band selection. (rotary)</Discription>
  </Clickabledata>
  <!-- COURSE_IND -->
  <Clickabledata>
    <ID>195</ID>
    <DeviceID>30</DeviceID>
    <ButtonID>1</ButtonID>
    <Discription>Course select knob (rotary)</Discription>
  </Clickabledata>
  <!-- CLOCK -->
  <Clickabledata>
    <ID>196</ID>
    <DeviceID>31</DeviceID>
    <ButtonID>1</ButtonID>
    <Discription>Winding/Adjustment Clock</Discription>
  </Clickabledata>
  <Clickabledata>
    <ID>197</ID>
    <DeviceID>31</DeviceID>
    <ButtonID>2</ButtonID>
    <Discription>Winding/Adjustment Clock (rotary)</Discription>
  </Clickabledata>
  <!-- sighting station -->
  <Clickabledata>
    <ID>198</ID>
    <DeviceID>33</DeviceID>
    <ButtonID>1</ButtonID>
    <Discription>Sighting Station Intensity (rotary)</Discription>
  </Clickabledata>
  <Clickabledata>
    <ID>199</ID>
    <DeviceID>33</DeviceID>
    <ButtonID>3</ButtonID>
    <Discription>Sighting Station Lamp Switch BACKUP/OFF/MAIN</Discription>
  </Clickabledata>
  <!-- Stick CONTROL_SYSTEM -->
  <Clickabledata>
    <ID>200</ID>
    <DeviceID>42</DeviceID>
    <ButtonID>1</ButtonID>
    <Discription>Stick 1 Force Trim ON/OFF</Discription>
  </Clickabledata>
  <Clickabledata>
    <ID>201</ID>
    <DeviceID>42</DeviceID>
    <ButtonID>2</ButtonID>
    <Discription>Stick 2 Force Trim ON/OFF</Discription>
  </Clickabledata>
  <!-- HEATING_SYSTEM -->
  <Clickabledata>
    <ID>202</ID>
    <DeviceID>48</DeviceID>
    <ButtonID>1</ButtonID>
    <Discription>Bleed Air</Discription>
  </Clickabledata>
  <!-- PILOT_SIGHT -->
  <Clickabledata>
    <ID>203</ID>
    <DeviceID>49</DeviceID>
    <ButtonID>5</ButtonID>
    <Discription>Pilot Sight Armed/Safe</Discription>
  </Clickabledata>
  <Clickabledata>
    <ID>204</ID>
    <DeviceID>49</DeviceID>
    <ButtonID>6</ButtonID>
    <Discription>Pilot Sight On/Off</Discription>
  </Clickabledata>
  <Clickabledata>
    <ID>205</ID>
    <DeviceID>49</DeviceID>
    <ButtonID>1</ButtonID>
    <Discription>Pilot Sighting Station Intensity</Discription>
  </Clickabledata>
  <Clickabledata>
    <ID>206</ID>
    <DeviceID>49</DeviceID>
    <ButtonID>3</ButtonID>
    <Discription>Sight Elevation</Discription>
  </Clickabledata>
  <!-- XM_130 -->
  <Clickabledata>
    <ID>207</ID>
    <DeviceID>50</DeviceID>
    <ButtonID>2</ButtonID>
    <Discription>XM 130 Ripple Fire</Discription>
  </Clickabledata>
  <Clickabledata>
    <ID>208</ID>
    <DeviceID>50</DeviceID>
    <ButtonID>5</ButtonID>
    <Discription>XM 130 SAFE/ARMED Switcher</Discription>
  </Clickabledata>
  <Clickabledata>
    <ID>209</ID>
    <DeviceID>50</DeviceID>
    <ButtonID>9</ButtonID>
    <Discription>XM 130 MAN/PGRM Mode</Discription>
  </Clickabledata>
  <Clickabledata>
    <ID>210</ID>
    <DeviceID>50</DeviceID>
    <ButtonID>6</ButtonID>
    <Discription>XM 130 Flare Dispense</Discription>
  </Clickabledata>
  <Clickabledata>
    <ID>211</ID>
    <DeviceID>50</DeviceID>
    <ButtonID>10</ButtonID>
    <Discription>XM 130 Armed lamp Test</Discription>
  </Clickabledata>
  <Clickabledata>
    <ID>212</ID>
    <DeviceID>50</DeviceID>
    <ButtonID>3</ButtonID>
    <Discription>XM 130 Flare counter Reset.</Discription>
  </Clickabledata>
  <Clickabledata>
    <ID>213</ID>
    <DeviceID>50</DeviceID>
    <ButtonID>4</ButtonID>
    <Discription>XM 130 Flare counter Reset. (rotary)</Discription>
  </Clickabledata>
  <Clickabledata>
    <ID>214</ID>
    <DeviceID>50</DeviceID>
    <ButtonID>7</ButtonID>
    <Discription>XM 130 Chaff counter Reset.</Discription>
  </Clickabledata>
  <Clickabledata>
    <ID>215</ID>
    <DeviceID>50</DeviceID>
    <ButtonID>8</ButtonID>
    <Discription>XM 130 Chaff counter Reset. (rotary)</Discription>
  </Clickabledata>
  <Devices>
    <DeviceID>1</DeviceID>
    <Discription>ELEC_INTERFACE</Discription>
  </Devices>
  <Devices>
    <DeviceID>2</DeviceID>
    <Discription>FUELSYS_INTERFACE</Discription>
  </Devices>
  <Devices>
    <DeviceID>3</DeviceID>
    <Discription>ENGINE_INTERFACE</Discription>
  </Devices>
  <Devices>
    <DeviceID>4</DeviceID>
    <Discription>HYDRO_SYS_INTERFACE</Discription>
  </Devices>
  <Devices>
    <DeviceID>6</DeviceID>
    <Discription>ADI_PILOT</Discription>
  </Devices>
  <Devices>
    <DeviceID>7</DeviceID>
    <Discription>ADI_OPERATOR</Discription>
  </Devices>
  <Devices>
    <DeviceID>8</DeviceID>
    <Discription>NAVLIGHT_SYSTEM</Discription>
  </Devices>
  <Devices>
    <DeviceID>10</DeviceID>
    <Discription>WEAPON_SYS</Discription>
  </Devices>
  <Devices>
    <DeviceID>11</DeviceID>
    <Discription>GMCS</Discription>
  </Devices>
  <Devices>
    <DeviceID>13</DeviceID>
    <Discription>CPT_MECH</Discription>
  </Devices>
  <Devices>
    <DeviceID>14</DeviceID>
    <Discription>RADAR_ALTIMETER</Discription>
  </Devices>
  <Devices>
    <DeviceID>16</DeviceID>
    <Discription>SYS_CONTROLLER</Discription>
  </Devices>
  <Devices>
    <DeviceID>18</DeviceID>
    <Discription>IFF</Discription>
  </Devices>
  <Devices>
    <DeviceID>19</DeviceID>
    <Discription>AAU7</Discription>
  </Devices>
  <Devices>
    <DeviceID>20</DeviceID>
    <Discription>AAU32</Discription>
  </Devices>
  <Devices>
    <DeviceID>21</DeviceID>
    <Discription>VHF_ARC_134</Discription>
  </Devices>
  <Devices>
    <DeviceID>22</DeviceID>
    <Discription>INTERCOM</Discription>
  </Devices>
  <Devices>
    <DeviceID>23</DeviceID>
    <Discription>UHF_ARC_51</Discription>
  </Devices>
  <Devices>
    <DeviceID>24</DeviceID>
    <Discription>VHF_ARC_131</Discription>
  </Devices>
  <Devices>
    <DeviceID>26</DeviceID>
    <Discription>ARN_82</Discription>
  </Devices>
  <Devices>
    <DeviceID>27</DeviceID>
    <Discription>MARKER_BEACON</Discription>
  </Devices>
  <Devices>
    <DeviceID>28</DeviceID>
    <Discription>ADF_ARN_83</Discription>
  </Devices>
  <Devices>
    <DeviceID>30</DeviceID>
    <Discription>COURSE_IND</Discription>
  </Devices>
  <Devices>
    <DeviceID>31</DeviceID>
    <Discription>CLOCK</Discription>
  </Devices>
  <Devices>
    <DeviceID>33</DeviceID>
    <Discription>FLEX_SIGHT</Discription>
  </Devices>
  <Devices>
    <DeviceID>48</DeviceID>
    <Discription>HEATING_SYSTEM</Discription>
  </Devices>
  <Devices>
    <DeviceID>49</DeviceID>
    <Discription>PILOT_SIGHT</Discription>
  </Devices>
  <Devices>
    <DeviceID>50</DeviceID>
    <Discription>XM_130</Discription>
  </Devices>
</DTADataSet>